distance_remaining,current_speed,current_delay,dwell_time,historical_travel_time,congestion,weather,remaining_time
190.39735882944444,38.513292883861965,15.702341024154357,6.72702994208898,290.27798035896046,0.3936355202774421,0.648256954077822,319.604971154997
475.6035816729085,74.1900947378358,14.818727944319988,7.966813971913723,404.6618413569933,0.4734356593750214,0.17238636210516622,405.0235688685184
367.33700119664553,107.29458358764083,54.3752748312622,2.50467898792499,382.4788555971779,0.8545473932021803,0.8723945633548149,238.3270927616572
301.3359496775331,93.22248864095612,14.972771990970365,6.248740996069989,85.4109532999491,0.34000438605989214,0.6131162390692415,205.27937972160117
82.22922701900607,100.65611478614497,16.31698356771786,5.717459831437487,83.13224017332222,0.8696496848121713,0.15720388355695425,67.65683387300908
82.21728756642031,85.87833667107174,45.56389574507782,8.32830376788271,141.40544019500751,0.08813443097669149,0.9623380574812068,82.91317158006045
33.751388023258734,89.22765645178525,26.9843905470324,9.060870604812605,186.92661590710824,0.7767984372086307,0.5183654633353206,55.92417154864375
433.7571921585929,104.91956515653193,46.60263341731087,0.12156771477386807,210.14323489015646,0.8475476330547363,0.072898451871655,272.46235035676636
302.5519308128884,44.966800885918595,3.9219694538631145,6.740199190587926,343.0516362483392,0.18181765283733875,0.6268329044150672,412.96094933591064
355.49592600904253,68.94249636431405,29.25427162040306,0.5183579911972902,37.77341176125935,0.43034653237220044,0.2531989070128102,324.3492079451319
15.189324676422212,42.120944181960226,2.016816010996958,5.488586650773559,26.98962507077253,0.16549977466365562,0.8036934518773025,41.098660557737205
485.1053768201872,118.7668007996647,3.7591922073212714,2.876327290436782,202.03617584251543,0.7066041289942178,0.8178220735661906,266.47962267762836
417.05910719620874,114.40593396866133,54.386247200664656,3.067765995221412,351.6102091476104,0.5353477680616567,0.9789473558546619,253.49914070182714
110.1078597857467,23.942681136850588,8.35472226705571,3.5295850345235658,104.78331804867646,0.635323346708321,0.5018695310245037,294.198373191516
95.00335876751481,90.55751725156884,31.945240936513027,6.212924490496102,324.33719581556335,0.19648696695621115,0.45495687972773713,89.5928566312744
95.78523237744974,112.52483174156659,24.665736156042392,3.340499656687692,137.31578759074674,0.21174586205241952,0.7534756054464806,67.1092398648422
155.5999102649712,38.057534512733355,20.84059957553056,7.326990505902804,444.18219331862304,0.04149732550990637,0.13247065634192656,263.75303229362504
264.75443365795775,76.79452305526294,53.99000074123635,4.045273855738697,448.8880726906421,0.3220675351957297,0.5469155137931242,236.426439782615
218.81278422784732,111.54882975880419,1.30940380652937,0.6835320030995862,155.67073009784997,0.559744661333675,0.5462476001308509,131.48638299938517
149.15842439803075,23.394597858579885,39.82738117053535,7.837598424841072,122.69693944198785,0.8579349139973288,0.08947312281038722,424.68108425904245
307.8671828875778,89.742026724684,57.80366605281303,2.85758324592706,211.5389463124533,0.6669274474586807,0.41798408550691357,233.51023375099868
74.04946102276071,49.734900737255074,33.610091007710515,4.3276687959926265,127.86047673827288,0.43539632339975143,0.853284798567202,114.87522119111787
149.61160102493298,112.43961953765304,56.20934772198551,6.8544388322190155,339.4680832129348,0.9531201143941378,0.8561536219946603,116.82190838963179
186.3491124303774,117.10582451653677,3.135472757161426,3.32456157148712,414.7716954286599,0.7192452005758319,0.099237664919681,114.62357693356304
230.75464218743278,114.42664891134339,25.127599144449682,0.5658565614671562,339.8151441464963,0.93016520286255,0.09072088274783086,152.123815904969
393.6621008895417,67.42142166574638,15.60946745772307,3.739210470128136,413.93171915218124,0.5275879732721657,0.2626954770019353,375.7725282256037
103.83852216838807,106.20426509893134,43.84925789884379,9.444485826943033,204.52615948166232,0.2589042747931396,0.8747660625539935,95.29146454559074
259.5460470147377,104.45493985350704,58.8778254298348,6.417343972985582,86.59531564734182,0.052826686364721986,0.12890258507349894,171.05128270638625
298.24521158671104,51.91004732432556,15.391803746654869,6.71479148667207,371.59596422482014,0.7260848514838505,0.7199968026274463,368.9653894862716
27.992954296398874,102.89154741506773,39.250476088444465,6.322821536376399,186.6325075193614,0.12130299800553412,0.10116561961310322,25.73566912275097
305.73470169121197,23.700763471549262,11.885857965584407,1.989921389594368,338.92270436227494,0.3027751282719672,0.6231378537478254,799.500061029609
89.4094412252093,79.6269878482053,33.919815274296596,4.183338641022801,142.6155315710652,0.5324709078838974,0.3560672991191448,93.53145031931703
37.20053852771336,43.000883728770305,27.83594920130017,7.509397983633183,49.80252105526961,0.5644165877797477,0.788913962965867,77.90774907544088
474.69834094039993,32.05668857772788,58.32031977789222,1.0137289755315915,496.365079789004,0.600583196987136,0.2336904488253636,924.4743186078357
482.9878563719069,27.695320162920915,36.51163636178799,2.7785277608971226,86.53873888599365,0.16625533034970064,0.6392018293899598,1062.7246424035875
405.1566873176483,89.62887758781397,20.970382325209126,2.763191084658536,494.3262870421057,0.37973740482164875,0.23568253457588495,288.98157487451033
155.78381574081848,53.98749637680661,6.845747093276002,4.32018927594506,488.86716695755916,0.6171942271169667,0.7136602831121538,192.87840668350918
53.34769643316002,92.47667715287615,9.074809724096074,9.803687409421851,398.97087091493944,0.9698188646337847,0.8736780345607488,68.71437402849196
343.69534812351765,26.535634079894237,13.519015797074106,0.6750254668382194,333.11725142017883,0.7276311376996887,0.12680179912676004,793.3909843681688
222.87548440110265,51.52903378306104,15.057999680417879,5.1870099438059505,293.1254546230315,0.9226037570939578,0.8665956885955035,281.87573259894094
65.40892624816553,73.94912923753373,51.036963470468265,1.7936468201221045,434.389757235139,0.762212058314177,0.5935752544142979,87.02547535889784
250.11257050507874,99.07231648389636,33.6733672969515,9.706765454097441,151.8253655935491,0.5917169688924004,0.12711049086702397,181.8193029168182
22.022317952033106,51.87525029320699,31.403454682461987,1.133035047274642,239.16379411758976,0.19202336913634455,0.427541855359712,42.46871475910018
455.1135990289971,82.58913764370091,6.886132312153048,4.036010023615912,313.50108498958593,0.666685651892513,0.1608602934850979,350.2027803169843
133.09609089200836,108.5977748236187,51.6083816009661,7.378849848346062,211.48333317605062,0.6233795659599071,0.7003478888665695,103.83372294017072
332.9485307552211,81.58631881823047,43.36885819250902,7.045544280274453,219.4683625042313,0.6024691704572664,0.7588681344179496,277.88399363547785
159.29698266425842,43.29594747536338,4.060101714000095,4.227286368939323,171.83948707602136,0.48978586798824075,0.10579652027279896,229.3693845071615
262.43367048301633,22.4400781556538,42.47010583378612,3.4652416795271823,286.47359017542266,0.5286566039892756,0.5061398526946443,732.8916665783994
275.62158827492345,107.00988739009298,32.61229304055876,3.9761237855287055,426.7815187274068,0.33444252711810407,0.8146250560259172,179.63197739545916
96.50295548513589,22.126941085038712,4.903520744806695,2.642762631586393,108.74890522309329,0.5193126926423032,0.9361630415509965,285.07409897596506
484.9443907434565,107.47016726841994,27.498038491719388,2.053329387067998,467.87218898918627,0.19755590567847825,0.51351786674177,293.55491689138375
388.6907475637517,72.8937134027212,29.081777227802817,4.8303969755889,347.65295033663256,0.8051743973603768,0.950279223611407,356.11590314133883
470.0519760742736,113.90676985128962,9.946472409796545,2.685337560676073,413.4038742132148,0.1857769546987078,0.5356889704560298,261.4340115024563
447.9395384616862,99.87832357736654,56.74188882001694,2.874616648972501,282.5334393887057,0.08496628988946642,0.39419049459990796,287.7763565263872
300.96048951148714,119.79341105333374,50.998522288839716,6.56756063474557,391.9631836977911,0.43624602635715737,0.8482031285528955,184.33488261314574
461.32774633644283,55.071181545171015,40.1413402397465,9.685373316998922,17.938194696338932,0.6583074395060619,0.49298271045808906,531.6402169920868
48.80378851570015,96.71882889311269,27.737733660036433,6.036372005593751,411.00640814197226,0.43771682493354136,0.47190251056452304,51.17963343079808
102.01151689747687,60.193091360924214,24.70593249507051,0.7697946706496628,29.668040951829592,0.2767541319513086,0.4903124894098283,116.66272084171011
27.387508010716342,67.98756203039088,39.05840802905725,0.7558361385406698,446.05755441780263,0.5581711838904407,0.8467850018697454,48.20609956850373
166.03851372781585,82.750546321837,32.725912164414325,9.51423220845566,496.0617461469352,0.34700233541219994,0.8319415416880521,138.7023155600449
197.3952583962936,107.36771141863387,3.736386352913137,2.9729079030733363,154.09305646662114,0.9328676901266331,0.4035199924402112,127.60471395308889
139.31777072807847,118.40834691992951,30.750158926219903,0.9206698608247543,113.0560925800389,0.9226451396035721,0.333299859870525,98.4202004156284
415.225067030205,96.82734138645182,48.38421703397037,5.990445871503816,385.0280482904399,0.5023718199720955,0.4919280240391293,280.522695186676
181.5928967133267,61.77667821673337,27.554392655817484,6.236487782902661,133.9829070509241,0.3278839940182585,0.572772509737109,198.4792988760478
144.06258229525346,62.13570022770702,3.1173946532561048,6.485048201186881,434.1255677543797,0.7371324139566391,0.23833721062799695,166.23037120910476
273.634561163333,93.75823015888915,47.17669196304199,2.674020278575413,60.392870157163586,0.03671294348306664,0.7939550847155906,204.2062919628866
74.75749136250751,43.87771457683023,12.081826928158463,0.15110684214475034,71.71804622588554,0.47476900604365124,0.4864827657324229,126.1303138109679
402.0875054732496,31.047411313139467,15.517250093282327,9.650153694544718,489.78426199930163,0.33632339427033353,0.3340455484199596,796.8666680541247
41.90256862148656,55.462215764077655,9.882381205937754,2.508930456911025,340.1810601523023,0.9205358851025547,0.10682099296399061,70.26391226351163
493.5090336172561,48.72389916540817,19.812903892289853,6.760262880525475,424.9747399701869,0.012003027272682543,0.23884516040360693,615.9937845875963
387.26116080184545,49.63081204559901,45.4050903413181,7.0662986987870955,168.92139490224383,0.5528148757183491,0.9492811717559837,499.8882592652026
103.36426235941533,43.36077510499099,31.16315157023624,6.100074170794857,341.47703726509616,0.740663581066626,0.3050996868195266,155.8934036722492
7.733447976183188,24.20931896363619,12.292876449042753,3.129073942136482,301.17849538121266,0.48501798752404124,0.16885928936703531,39.31344729873125
408.65340708514293,21.787393473341382,52.66980468912245,2.7109625376406576,305.54355886024405,0.08540303016272166,0.4606727916549932,1156.1307526553187
354.8943852045705,118.77223897360315,52.77491129709175,5.976682827027031,344.44090517348354,0.9724613900279022,0.3070877433602487,212.9942096061312
365.8585481802887,62.77731337358623,52.23470550276041,8.660956336116914,291.9259948332583,0.5180104313760979,0.035159250271194153,376.5255838400393
386.7788216095431,58.432664715968166,14.327772682892357,9.467337289233956,220.2405609583063,0.6141862443190114,0.32314521727941725,414.86029864287053
41.652102608374726,87.96472826930699,27.074360650859287,1.0590580440375763,145.20212024646796,0.23660978270750732,0.5441086239394686,47.96588620136544
182.44053562941494,41.825388786506416,59.0993793684525,1.5482861259771985,386.604852147469,0.4834980851068038,0.5517123720199669,298.615617718661
62.35518446493921,114.99611839502253,46.32074857859942,9.447362587830796,120.87349070156124,0.42914949195832186,0.3565589211768887,52.44311544102449
432.2361958084188,98.6345014415552,1.630045273533589,7.365352283347926,349.25361001566296,0.07489584200198374,0.44730275625260063,274.7473984185859
313.53257277964116,28.941100231225953,3.912275475629523,8.829938248297731,124.33308309817005,0.10616035354746722,0.9655179182347664,665.4611430257124
168.79452230206135,61.75807757849284,27.835882608739965,2.026326341353432,316.4117832776824,0.8374725196187746,0.3773484772303116,190.255892734123
36.4613833915817,107.91183075621647,54.55321235169361,5.875858711094018,376.0683508932242,0.23981995220659025,0.258226813259983,48.051304999107806
158.9362492492528,114.47320222914102,32.32210787716285,7.011395944174737,117.16980556420421,0.19495827149863054,0.24346704406676012,100.92523025022602
165.9657444032398,66.74015112498697,29.868750482057415,6.801118854469727,39.37221742204106,0.5049114512501393,0.45776461270413416,173.19927475792937
366.1550582773417,81.34113892107078,6.328421997397835,4.081516908666981,74.1771340671453,0.7687471313625129,0.7595201487169441,292.08478444489805
320.5909483208305,36.70339460920752,39.40680628345764,0.15394891691308477,306.93851396280246,0.06194651857898792,0.2059881841884732,543.818092717808
444.17030757528164,119.11686261369765,49.32618963601353,5.829260568042631,426.2287390506104,0.5768079196382558,0.7092961271407681,259.2830694196793
238.7463879551649,43.16717013834434,22.82520045045374,2.5310153917960876,32.04844240535794,0.11921044284057336,0.021149823349416286,343.06003120024997
64.19915173945935,114.27317741351257,46.536711055519646,4.502542461428903,369.7341169304067,0.03646105082561846,0.418932977983946,48.302023862805704
358.05616967538253,84.96466489923685,57.868599234048695,9.575810150838173,177.24613651552554,0.05274395216221739,0.7758650652027869,281.65603939912586
381.58859906536424,80.77367948788591,12.225987547661346,3.990353176424347,244.47890126056603,0.8341641082084413,0.3387329557744314,309.50631402387626
282.83221279690065,71.26885110165085,31.399777871684478,8.398016066644267,465.14117942432716,0.11797248362806156,0.5637371014453995,259.3258787229368
386.62875407750766,43.066981171775865,17.228277485074532,1.8854060574925113,172.66603732056427,0.04515136441229195,0.2049792328259108,550.778843847647
249.42882020037342,37.65280320055083,47.57126514203036,6.724604980250288,238.01509763034818,0.4378998871429123,0.7419953911261723,437.9212280101015
263.75275054408706,42.048620907017536,34.65560195286945,9.770069544389434,16.70438323273374,0.8439934719420248,0.05227910326875962,410.0113998088249
216.63280408748207,38.64382621442545,38.074945053018226,1.018931008729368,49.9833728023708,0.26240837648930193,0.8525426448755004,361.212328167518
17.582467738327118,97.95844735667534,47.87484957695364,0.08319942227192012,136.70987965604417,0.4217126175259164,0.19819638642166815,30.926104298561118
58.406256361685706,55.01252591667301,23.758228359747292,4.335827926326143,23.647598002326458,0.03992253256375122,0.8743980317083307,69.57186121757107
20.557446914933454,25.784267656339637,54.905404104422594,0.926254830513672,319.373909763643,0.4490785141348759,0.3525292413005173,74.19148043638967
320.0231535755713,116.91026301408114,31.9817320347684,7.483843496762313,218.93519483279505,0.5776130806371337,0.7226835744744866,191.83781813019274
160.6062106327817,108.37858849634257,9.47728937012088,9.14548663848559,278.5911493367308,0.5709070537521448,0.31922529778618847,110.0376090023599
256.74249212652785,112.77522831952129,41.75394709012815,4.340209727087588,95.57712108920148,0.33242669217436516,0.9059116712346476,164.5674326019836
454.245404593416,119.49078226464353,47.59568102629527,2.5871164215544096,155.0066944239419,0.3155331806631355,0.12663712551837436,248.06030664181975
128.3996534286931,37.389524921948734,19.0057006240516,4.344033190066098,335.2739926778353,0.10662361893659789,0.1785197892725987,208.40774308882746
208.1395469026367,59.62420189026587,51.43075541992518,7.2344781785000105,482.99833457889594,0.3667983206462684,0.4930301251588023,234.23030689680158
378.9978135788091,95.82384757040913,54.368595285945986,0.09054161580370979,34.704219065082505,0.09949466887296465,0.08193843903814613,258.3599859502641
118.25509191835312,89.60206180537922,16.614269242668534,5.894539894846972,446.2883172190804,0.7665959447120516,0.19598018470176193,109.1566853312721
43.10505536525253,35.389590633985506,59.01128836291333,6.132916848873791,292.6717886424921,0.9662742977481859,0.9437663822120144,117.29490160821229
148.42696919231517,101.58331249906178,8.442691682925505,6.376882468959355,286.3205877102556,0.9700744566667069,0.9764896611478872,119.34443876352633
84.80453719073219,42.44405718366607,12.120940104149398,2.420220799808772,255.13648225180256,0.8650710993753938,0.37625932933042194,146.2292961748571
465.20033790957365,42.381761482262306,11.053490354281568,7.140527233781268,44.00310209304986,0.6007921493396191,0.9232860210139356,679.6622415296794
405.0195878843864,73.69744228934135,53.639382600472224,0.9139148633177641,54.03965735071873,0.7008656972438799,0.5448246756734317,364.08652591696375
318.5348594726596,79.29399348417031,39.25755313949771,1.9927033646680081,304.44688277295216,0.28520580268041407,0.26974246587376705,257.0749172314306
436.3729921429203,78.00862078378111,9.126256993336373,8.77470046654482,177.06970000342358,0.6307704201726206,0.7023987210805986,363.5693301738309
402.81767806506167,29.148683739775485,26.41940510210094,7.387231507265664,459.46135262306353,0.45564954943987745,0.6589018065748572,854.964950725586
97.35217914858774,107.74608626303804,36.917881504188124,0.1374555401134525,209.2293633061414,0.4820173397769325,0.9891253191087334,83.96986384040534
446.816704252539,46.560004258870606,5.0078450993629975,2.4837626036980023,80.20791476429413,0.757776560375158,0.2650472874092833,588.6430324309295
271.9744097482471,32.95149212828042,52.94498210444032,2.1440648299316454,360.21222841599763,0.28191835559725165,0.6720595026617354,526.6669375923137
404.68287680621097,108.87480798689772,48.21621212649211,2.7080632803697258,153.7431765060948,0.3180396116945199,0.052023755029446894,254.55065492231628
448.5651934621292,115.56514982297534,30.312406414598293,2.475597702798864,267.48045060438767,0.9246417911286366,0.11364603869671941,253.18756381314813
162.4117201110726,106.21276172654507,58.02759691555023,0.6252629574284574,351.9380648975333,0.056224294850972245,0.003918374951093262,108.65167269329379
59.475702641199995,100.95160747248781,25.065658756505982,4.589405165968204,451.1294144890145,0.4856342984133404,0.9994606810596731,63.60059636996789
117.82790545826113,85.52419806390218,59.04661914218987,7.327334747861651,398.1736854528213,0.9128008004078617,0.8022736971474778,129.6872874987666
216.41835536999687,75.08573706091393,40.07519992821762,6.067317247174364,341.41692325763483,0.610363007818157,0.7867230147335408,202.21815194682907
409.9173091316341,28.698675991141016,38.08027639523649,6.728716685980798,343.0202593736204,0.5464070742121321,0.5097260752881797,870.9261770983511
431.06163871189,60.845321307069874,9.957293717747099,0.8114917853623915,473.5030755757224,0.2497441792293552,0.30006708290543993,442.00863378635023
8.441304612939398,57.2688517012314,52.91566549827864,9.514907101767871,154.95380777330266,0.34327548906444827,0.15126428446267592,39.940328931410804
257.81991477589503,45.97537837603262,25.64938127523691,8.384918338430248,10.54492615613183,0.8520484158046929,0.28467473884646366,355.2669497212503
211.6184465586456,92.3420113688585,9.734004346948762,8.050903184956628,143.25773410511735,0.5592181317684581,0.3759712219291391,153.55666197204891
114.94336618301148,69.58757350787708,0.7564511985455424,8.229838050417674,116.76677601710455,0.5147421937567799,0.756310096980294,126.57380386967334
64.33335683017299,28.104621590764793,33.585341018302955,9.327105081327613,334.2989467058591,0.09957971354002892,0.5396617889031524,166.21245985460754
172.11950984479583,42.01832019498113,31.64397732736058,5.442539661136977,320.5186838851092,0.01602815645512312,0.07748362655548269,263.7007287388807
471.740303436697,88.32587636595959,43.16121734214951,2.002820178676259,300.7960775253147,0.9636851886870491,0.01802900895891224,348.1592092430335
164.98545135027385,27.61308594903002,53.415483181068126,6.167836078525411,17.959287172632315,0.37698616728684164,0.10233217953406315,384.6956667879127
261.80135776296623,105.12069140487687,4.764395078581771,7.42881493667939,367.10124668081727,0.6032130620995043,0.41049871369737934,167.0712959197161
352.99438465311306,69.51465270139744,43.88978942042174,7.379173933540254,168.52990211789086,0.07971507318728499,0.9331929170490183,337.7044960645535
184.99665317775052,68.0586577326648,11.244716645854933,5.214490241668801,335.87743461324925,0.6831142857230466,0.6374024812092216,181.31384311992161
486.03213094687555,79.24077846595176,51.49062318942984,0.6845871933357806,282.7234299660551,0.9325667087059609,0.8018258998755151,401.783917430391
481.41141099634507,102.46809659251491,49.14381083169937,3.7111293843012785,177.9381534596745,0.5756652529974197,0.46637459450454855,316.83834607102415
129.63223643355525,54.780920790219305,32.44762529913266,9.207666084633573,75.94237088101279,0.12611532237541057,0.3616660831950428,161.6072423550615
251.1380104167308,87.80161525590636,42.61456791739869,5.84448909757426,56.26525985363566,0.5817215274734767,0.10840037271662273,204.02612935494034
153.93476335930097,76.5731963995791,18.861006791024902,5.383319432557134,417.44398322498955,0.7663472131046524,0.875933022186205,145.86467792604768
145.99604471684646,46.70282701694213,28.270073935968878,2.688535143821935,460.0147956199634,0.40641653657401866,0.7831600290279028,211.0431100327288
23.259038940493735,107.8629986355158,49.2982138626283,3.684489199165789,328.3961429145068,0.8798377479414679,0.1681180975977251,39.836491713298784
306.73434532004893,99.74260216069281,27.555911830392834,8.953460891531693,60.68271628163685,0.6486829533573645,0.5122605638762605,212.14871356231316
253.82611649828644,85.84518346584255,21.46789591952651,6.664630475268357,206.99333627523797,0.8992489182892025,0.4873748079212449,198.14978678467216
30.48198186874473,105.05817290942419,29.652746835017993,7.873870267523328,367.180208051527,0.6235053112473372,0.6250915526865286,43.406717764972306
142.92999979712266,106.72942009598023,49.6949551462331,4.543454230676551,392.11223316493334,0.13128797200482423,0.9461868939912612,101.78098625669105
454.5916135534936,90.83629767150347,20.112482842252362,6.302472194561579,67.92712492263341,0.3096917111051891,0.5797714417624796,323.36858674566446
123.58313588015135,103.7013328363672,10.425695588144627,2.483836087432075,10.015052234237384,0.20179494825245692,0.5402172667786186,87.88497648798716
76.72296168515543,89.74714616692836,42.72084121984685,7.054608302834863,358.94715248149646,0.9088264977168623,0.050322932934663944,73.12061709234217
247.2791163373937,88.01407717603004,49.55869276248491,4.276013337033373,184.73212623324076,0.7604000672874827,0.06290747601802393,204.28255031759917
492.89697478474733,81.86113782151844,6.038248711412,4.4254551481474556,134.69585249294752,0.676398368910006,0.1873467913267889,389.79883058066235
124.8173593981927,95.27166395576413,14.392446765356684,6.493223245768816,16.319760196867463,0.3009663196316217,0.03247077169174828,91.24080970750248
337.7070959659099,35.86051052930737,8.518319385659634,9.362806214689266,274.74670931313483,0.18404477205021352,0.7433528955700124,579.2600315404402
382.0017095877152,108.08707591989284,20.87648469493,0.6400634660862092,427.06386035873106,0.7564510879889118,0.7233303039939631,251.33690255457756
122.63058427623784,107.1843527745232,27.021058734324757,8.247432373470076,479.2395066735681,0.47415794587907967,0.13605623443164294,82.75466374800328
365.4670925628705,22.924728303455915,44.92958021779839,2.9238311041219314,287.21502580051174,0.22578955215062912,0.8360789007952809,983.3117650473787
187.05265069603035,102.58167505647627,39.06885509290045,4.439194545063778,262.08605059254813,0.6166219781652751,0.15478603484611198,135.04261093381498
317.99138614382184,32.88698674734452,37.25571404870587,0.21913328775008956,51.67762888972814,0.040333852138451975,0.3011755869973588,601.7817566510757
318.5972068266429,53.51188542591419,21.142496796579266,3.0104607783431305,278.9476727558739,0.3261702541282535,0.248976899161365,374.25491537670655
270.20846861700545,94.35082562916078,50.48685318508559,5.026312426301304,196.18974869304336,0.46855699459113465,0.3723070985730478,197.7496492764852
49.69343617693211,36.07598960483082,28.277230043889872,0.5617607734743901,307.4962876329527,0.14795833410940584,0.25466376588996187,91.422078730403
418.4747353166728,101.79670241190622,58.74629628090927,4.910957293831651,200.47591045950787,0.9846544775908396,0.48895092643845206,284.6828017512471
163.78613216100925,103.21341779577419,38.04852829774421,9.271106288584273,127.7465704906797,0.20909736458961425,0.4074078813546854,113.43813032184289
97.32666264792785,70.74677337608362,7.575884493870165,1.0539321810780522,56.53298486190449,0.13035313004326554,0.9865694907793265,97.4021268114082
25.183695069608138,20.63858717168336,40.57065372452604,7.644407280755043,164.31003784855892,0.2035348738868964,0.055926350128225666,89.99813289921636
297.4920068781797,48.70381331749128,19.50624092590194,4.096710533759927,57.35596880099862,0.7690611331597242,0.14218137638735162,379.8789986059151
340.3943591119298,81.69269183757422,41.17963180116585,6.55173714524338,96.67950590375213,0.4255056592718428,0.052825893908602484,278.822311678981
13.210975319288796,118.11861780274235,4.1784688897443445,2.6023659798522933,493.7947177039775,0.565415939752538,0.6258411949823758,21.516711329529418
258.4860638581441,83.18135270166684,10.492886230557563,1.5949226254135829,227.61074288424314,0.021009156986360744,0.05450927741371958,184.9148807426839
117.11540872297928,45.98035810641598,51.34423553434718,1.6046261427122643,270.6171655874581,0.034431308573314556,0.8364397373761233,177.06963953201304
324.3605312526777,83.40057030996113,13.630773421410893,0.7049194564314465,438.0730790812355,0.44582554982701617,0.5119386306819278,249.94162360617523
91.31138235747076,73.99853797158555,50.2224675145764,1.8564670490124302,497.828761240437,0.8166552432016235,0.5270076245815337,98.82026378396937
347.0141803607207,97.98453951511436,16.756565307264626,6.642193849889683,295.53008017889397,0.8852388787075652,0.5615945077121942,241.3920171756192
196.43399641876601,30.69806388269584,38.572914603522456,8.81690611843508,408.1121723116441,0.08670656759564022,0.17081370630621073,397.6875789840877
468.6813444246836,96.1027902502028,41.64903441058986,8.141256855911617,170.20110192497089,0.5383631021010228,0.19769030311448754,327.7853630913578
73.07286735226666,74.12665786761103,30.759285188703174,6.851343098744841,159.81453914917265,0.9132296862792705,0.3188173228730047,91.30691337555362
173.82784376987797,116.29920038589947,18.318640601803878,1.1043186341110267,207.3248232873345,0.38797275439788637,0.5934964158218514,105.48244876929152
61.16939301409159,54.187216603868606,12.758662582265767,2.8918744629594983,339.5285587100881,0.8295658314283686,0.21011777594021452,83.82353240795273
462.7233410478886,83.26218931339481,1.9913612737455733,3.0980687532246898,344.2739277349984,0.1336956543994362,0.11633172713326123,338.23583368301087
439.28297992358563,113.20281055100175,18.236784074443428,2.4995694639762123,164.4673229782309,0.9353944896677987,0.9701168864184322,266.34658085738926
132.681105719002,30.250972799067924,39.18976743187698,5.150056597097231,75.27286282694806,0.7514233175313026,0.021981814809622913,288.8563282155333
331.6921027869186,113.72284872364511,56.29828910690896,5.355538148796725,319.8741656680992,0.9413343927869017,0.8026974053360216,215.6286947680507
409.52498909960184,88.78857223008133,52.272268935783124,3.568859751711102,72.8796724724946,0.6766172335525065,0.7880351495750221,312.52925991864157
279.8244017417339,26.78370591051719,45.96388659211816,3.53789158736436,293.46132903237174,0.363403931999427,0.297214113845096,647.8156782092691
267.1770362862232,50.096356694681624,47.30684059519792,8.285555979060813,349.7768427475914,0.9381811725247224,0.1356266160073134,352.0435531333137
124.71688399572358,90.81720886452815,39.89909420855972,7.892928483196856,353.2996332332813,0.2755667763091785,0.14562864670542341,93.47344012711162
51.08587006392011,26.73506014687717,15.61721145396018,3.0779583168074565,379.2013342232024,0.33217252206173253,0.6974316172371925,137.6988383299046
449.12180018689673,78.21704601762733,54.43170184234979,9.137884438732593,437.70111656717563,0.7008084180017403,0.6428065910861737,383.85226714704544
450.7069382958486,54.588305695295674,40.243938714350044,9.52815017002506,254.97990606274632,0.7653162995253863,0.7827456742513867,527.6656314849592
318.3852213502676,82.0915517767477,33.6264378588264,3.267425420300408,367.82210286948987,0.9294034838491538,0.9374811723991047,277.23616742252375
172.81974656910683,24.574203381251287,6.659368152808865,3.5442494879305486,313.39464032925997,0.2048024090562095,0.691927363266592,436.1503835417096
177.85873943326715,107.15368061523763,26.823332628385526,5.056341534219588,101.45357050086446,0.797998035219224,0.15585153655144346,118.51377209824746
364.34806104076847,117.3488969177397,27.62149627211558,9.411208125336735,22.587925986010003,0.7385460533969634,0.24344261676541068,217.0779961786988
449.0695786765257,116.88778552856915,51.8738165713602,8.763194331423115,149.42527898169755,0.06379455625359787,0.8421937308731146,261.8260152383148
444.10778001123305,94.96518317429248,32.798893211267306,1.025679625835898,227.0865161054335,0.38722314121020696,0.20930607583420857,300.8187747592844
391.0383951995238,33.0086240130632,22.82403293822458,3.927307432714162,312.3819127700416,0.2827654570600986,0.07252231695448141,722.4419367392217
322.80566484637245,95.82631959290225,58.60801971063956,5.533711897497718,426.48007194657066,0.3044904243540304,0.7032800540422505,236.32110610776508
46.64928267254917,22.45869164588015,6.64323559957894,5.0313247255154,106.16040118602116,0.9829468795547008,0.40252635549014204,146.5962013255819
85.00621347683382,22.212355152899725,25.352905698716675,1.9386306793689267,71.51939705025377,0.6427774134799279,0.9200400525459036,259.81568729989897
449.7843233209042,52.36102191495412,2.5214805102843174,8.588167711681546,482.10517426242046,0.7176761577934996,0.6502550710936615,528.1971027243517
305.182384531497,68.86431904046657,44.39424724601582,6.769407829968373,62.941834094439486,0.9766176373150092,0.09041897779166075,295.98591268642764
9.552540550231676,97.04074178077931,55.084593131949035,8.379083748518037,244.4606243525227,0.3772017824576387,0.9478565672536607,50.36859492404119
55.22841371868589,88.32953766065052,16.802239773029367,8.587642793494721,296.9262271087179,0.8018401684528059,0.2585572636402459,57.62758274771623
333.43337570848763,64.59027063767483,51.50050060794725,7.483558536657398,275.27346624464474,0.43453096330449537,0.33721249040628576,335.7999184452733
7.50548400387825,47.362666628166586,17.533093827713866,4.392106012497173,52.15575694614217,0.8695336718149798,0.40226041368354204,31.789885147266187
84.59998545166184,119.71245001577111,54.64620969863491,6.105467550154246,37.94318786177349,0.18065754131130318,0.05122429640431325,58.99626963732063
276.62322573646014,62.6181302235973,45.23771421580704,1.6036540611974315,61.68687945590748,0.9476861770642796,0.49651542223060485,287.56950051896064
347.4881228578832,65.13870243296755,48.29440661048632,6.736454174749077,296.9379650975801,0.21877170841087967,0.12331849107529225,341.2936415169268
327.72082345378726,36.36238211916692,1.08039333602727,1.7925325573928075,276.72899494081736,0.3262205069809315,0.40097032668835175,551.5607026457144
116.0133081829771,99.48095487499293,57.768621424441555,6.939495905101568,124.53298809800468,0.7561922341067805,0.3507097879920843,105.35895726889333
357.52871456703025,89.36822257814886,43.600259524219396,2.2959816075396864,322.50932950433986,0.3937551415654067,0.7728400834265033,267.1758830737011
122.43829831091604,42.07696127887604,18.285065723168,1.1755130015021997,411.8330760072682,0.6082113767664467,0.8031705116327311,198.03528682557123
166.07285058883753,28.23810456158427,49.76367989153081,1.6528449014295743,30.373690324830946,0.4445735010694285,0.153412882389088,381.94214918403225
374.5132455334219,88.0499302074713,16.891271904895795,0.01992135219070268,254.0836723385408,0.7423699370897818,0.3665511873792262,274.1313118666527
326.56828502837124,85.45112142811352,52.36523037396768,7.187396178535303,347.76210193031824,0.22833125236861085,0.3733531610318317,252.89316812558744
425.36558819461806,47.32595269982093,6.754823424716221,7.324010490583791,133.63284426414668,0.05845798723687701,0.15141044393608505,545.9537044275662
330.51838168867,115.08635622504103,42.22115864764775,5.149333499132594,160.80774359364307,0.29992939747306624,0.7984535050511905,202.93620181031224
286.31275865105846,35.10578917809002,32.44190859869462,1.613628010553837,310.68257246479806,0.47430866486843026,0.7072283283354233,521.1292441026462
51.36901007490577,63.23348010426019,5.792068211726448,0.8355433751068975,449.9882937874311,0.16802005219267857,0.19038178629703473,52.1810185199463
187.0193225144196,114.36159201675989,14.513629695530339,0.1912896643728701,406.8629659484207,0.3547972896563887,0.36672190859379905,112.05358060119053
136.2751720024541,61.97273169261223,0.7442421766388874,1.657481769652207,295.7338073587959,0.3999830182935685,0.10580502485651422,141.73882247994067
125.77487347264638,83.85259476640856,28.126077927870348,8.908555349831467,367.8086417010521,0.05739184368827355,0.6282065970930439,105.06927911629084
486.64022460246053,59.75943979627943,18.075915645600023,2.4153684170168175,188.76301040182136,0.5833072481842045,0.12137192454861967,505.2950559599821
199.5833737100464,47.421520234867,35.90144905786553,3.542713272172157,324.0731087683913,0.8843434279712875,0.9859341686249178,280.86044847164607
446.5630448126711,118.39776479598282,17.83426846251703,1.0534548448133318,238.4289796525029,0.15174291295305242,0.7806820746878623,233.4178334037952
317.4136198686451,60.9334006315043,17.99514669041908,2.223613047481703,103.06870686420484,0.597808013401514,0.39023854958399506,333.76494753388465
398.431595253116,109.40992036791344,44.5915919238962,5.192245707802051,353.85175419985603,0.6647392049108463,0.5785639322793544,248.30938310060685
253.80536108707008,42.99546058910862,2.888570158701207,6.077526830956526,282.6676723009228,0.41933468041928834,0.9113418162164088,374.50458077136705
290.56742289004774,41.31047040250833,54.173699711519234,2.4535231416621106,185.72457515725978,0.70109758736427,0.5540992803958261,455.47171043592476
248.79625844033762,23.113408288451136,51.13583246347089,0.5773215922511721,456.55620313852904,0.41073154349101204,0.17449848639795518,664.5025360347489
101.64527896003203,85.1666825375885,40.06828099358439,3.9103286912739863,20.257717735099302,0.5046372879774349,0.3787033555811593,96.71515514945932
362.6137970544451,56.852634372376116,35.593294206443055,2.342033709263341,164.72884411225306,0.00735304455442698,0.8431448650297454,396.91336393476575
143.98231940822362,106.4358249839637,53.53814988837913,2.195539232298019,37.87188491104681,0.6917201141346888,0.6442130159896179,122.09771693144066
17.03640338356965,67.32099066915572,11.119810771722866,9.598628027134552,385.5983849485973,0.6613426789447244,0.6507243843338003,32.966526342031585
324.50878647404807,116.81934279147217,4.738149731449717,6.16300485925724,354.0326525157584,0.03840087732634456,0.8668214856884892,179.44036617227133
92.66978630648923,38.55255157031212,14.370610194572286,5.5687844317209585,172.36258718079534,0.3682501073951331,0.8939730574625047,160.57128400133485
470.52699925469256,106.86231679556109,47.67469672201142,4.157751035233219,341.0748220814658,0.9790318407916674,0.9197925717794363,307.3036539996096
477.19464561628075,97.65968527917417,2.0802160035889994,4.289443334301443,204.00924083601544,0.4207365625686168,0.0948491932531561,301.54924704844876
457.857873159122,97.0921844644052,34.968410105009376,5.4090500383808084,380.5643577969928,0.5019454051318417,0.5441260019631009,306.5143155293185
188.22855662644497,104.47832281168877,59.7262509714786,6.964298070361073,232.54999474098597,0.9099301581597186,0.7405095212183186,154.8163152349441
12.651025181789377,96.10239909429988,51.34176563025237,7.021460961818295,212.0170666375161,0.7172618758657564,0.7569268451270138,45.28707550059607
464.51768848092405,82.62203216314154,31.286741342615368,1.7169390770544957,468.01765858926746,0.5820701311242236,0.6067162019700039,364.95800023516466
216.9511534170706,33.12448776823876,3.8184545571985407,5.0011275207662695,132.93075894644312,0.7978046813410725,0.16678733518367417,405.34861775706645
483.4941354266164,23.25261794912519,49.88241086314259,4.119580950341019,69.01919659831705,0.8643662664559733,0.7974205539416643,1278.5264514786577
481.9918886591802,112.08478478156869,35.93871049063263,8.705269662693842,296.42612549713454,0.45688807173726687,0.7201113335149457,287.73934368411324
427.23968045634325,81.6650314520738,6.8959798235740095,6.314189212183764,484.96768801924765,0.4751083649318354,0.08613577154903629,325.5163026074114
150.7522015744449,99.65372909761763,5.631437089401372,5.325040664159818,195.14121472632146,0.3860509356518358,0.46380982467437626,108.67860296445575
195.623375657953,68.15223515125501,54.57760916619554,1.1539464217891737,40.39801417810295,0.9667061400184606,0.17397739952180358,205.01437538151805
426.3126524008442,31.730818896239448,40.152015776284706,6.056378893234115,176.25958098168806,0.6971662542903504,0.3374770457129719,836.0486433948838
161.87639255235743,32.51857922025504,49.757207959005335,1.1720390568023342,257.90651061658366,0.0832230662080723,0.018081092205685434,307.5034061559183
88.89890960961579,88.55652872289714,52.73873401693604,3.3720657556575206,89.34227324978471,0.8629596233130185,0.40032986841075824,104.12950527786819
280.6166249168833,63.030589489946266,34.30634112289933,1.4284196481433187,332.4700868476811,0.4805599408362681,0.5498769211562105,290.01629756237475
468.3966132095866,40.05247267003367,31.046781105302475,6.920736470243689,498.89720061499827,0.06875390642248747,0.6195825928270868,725.1639234582611
349.5347493541116,69.15945467414369,25.82564461925941,2.062521138361526,231.35234323090748,0.549717255163311,0.6634903451287101,322.72164381688015
287.18027919423565,26.420893707513407,19.016795267467156,3.91859373188026,183.8169927978042,0.4171642789757021,0.83629131310246,675.9910721034742
53.10236441653043,78.19714019143987,26.075757651522707,8.956747776187786,206.34504174888866,0.8777494048626249,0.21546290727573003,61.85273968386434
309.428577216089,46.89934044350977,46.432779343809386,2.043163833989703,66.42162741364857,0.20399460360938737,0.12048182243846794,417.3395140874173
495.07665580161034,99.75591006371882,36.11540586090789,5.078050639587791,442.8040646988497,0.8264646094921829,0.8515371718979257,330.2789445021147
74.3415875420794,51.03619589235738,53.55139739729076,4.19271661166022,213.26457120546246,0.5576886911854527,0.1566128148926499,115.63785091336608
261.57317792004966,65.52201490818013,26.602800862751263,0.18124041045729733,199.76446159817223,0.05461030321346905,0.9747600813361953,261.65659707588065
439.29967060433796,21.162053990810065,36.425374723125245,7.927581135728127,333.24823373593244,0.9718453013254846,0.842538229398637,1277.262100123224
371.6804657883312,27.24468877945589,37.87845318551932,0.6904590631459973,226.59637625625052,0.5126152441031999,0.5008766058895991,839.5228478314162
350.02279179265764,59.24935564066848,35.501829738379534,4.7425502097695365,327.63439971584455,0.2908768542315825,0.9814214249220252,383.943127354238
352.7296215736191,67.99388347171235,42.15802638513098,5.606782949389499,40.10868216408588,0.4694068419892581,0.09737672910800421,345.2167932296685
182.94811985377882,80.00205481193038,14.246008102488377,6.284264566145871,408.72443842389146,0.857857783517489,0.30306576117510164,159.83161309857292
150.3279629109242,49.16625787093032,30.741826652747438,6.886316293078756,470.8469369109073,0.3049031243850635,0.6382244150406114,210.02977644570345
405.6337719618642,89.49818861265426,6.25348816850086,2.532723835227151,327.8950392180991,0.19267639648670032,0.35000686847317874,280.9365243563583
406.0061303661945,106.01223971892045,23.070679658688753,0.09978776658449373,477.7373051408173,0.12907124693088146,0.9283725519807918,257.69037732081546
434.2007976971513,97.98509888933498,29.260024117275865,7.2344366235491195,84.20183404128201,0.29785939839021125,0.06562608817781757,274.66091941792837
457.0540735154533,23.961882534835716,39.13345557272835,5.356565993475786,243.9339328453733,0.7800480870400435,0.5494118320609646,1176.5391000188033
258.1144874361642,68.0506947257829,57.03186315517221,8.361177032072488,304.88529963326914,0.4716263651952617,0.5908662673951145,253.72390045881508
253.2505658701638,30.493017841817487,36.039063992901355,8.213883629006943,295.05095723638146,0.22748160369353998,0.6527281237772241,510.6372181180243
400.1561135885537,44.204501586252746,44.61563497059359,8.433261677878832,206.7162717536312,0.1661849996097492,0.25566622333181444,567.28109620163
326.73214573499376,118.66625932671465,30.375963569712166,4.850946599795401,175.66136058946807,0.3327294765103791,0.36456642751986446,186.07457157407828
352.47360424256317,34.24955429015132,38.04624188257988,3.3362839583686563,72.14377104970521,0.9399243728857088,0.8436805296649776,651.6735437084033
398.91737137087,69.88881534513561,4.255932968026405,7.9155820259137,201.9538007755163,0.3430267125900244,0.19494276897015983,354.2715722675099
445.5526441996953,81.81557343181191,15.263494850510819,4.51294113029255,89.70379940168772,0.9881240759546354,0.826867847173362,372.1665783977812
172.30760264151021,90.2464970544104,21.711185592308322,1.834421964034345,369.83918148118704,0.4852304557653562,0.5626554229027424,133.60267930765696
190.9135615567723,75.96486834869141,28.349601300390816,8.549740195614744,112.32715839234909,0.17916391829015088,0.7621875111940821,176.43064339142765
51.52106022123016,20.977084741918365,2.738924730143024,8.825598767723474,38.69699958942159,0.8911400917935094,0.7136073662634715,169.8546607700627
291.2486697931061,52.64613082439919,8.40144585319906,4.663097561401701,280.6594075304448,0.4603553731348269,0.207511495384879,347.2403001679914
22.791425529387332,71.77116433847115,16.608858467478345,0.7569972730978747,301.6625690325068,0.7096713435045244,0.5688127364338729,39.55659687120292
235.47101897556777,28.786649914483334,58.29196145406304,3.8782608991693124,437.2374000274477,0.9837115832091518,0.8677231528050924,531.5991586719335
273.60909418025045,55.06269312091808,19.880820426183046,8.035376594626033,292.7209900846641,0.050175350319974,0.43211623680192934,322.2930224005345
146.83791980350077,23.320310879136656,28.92246348672495,9.017740285462287,179.2856183244884,0.09669455978756714,0.9665907702233167,407.98193128362107
297.46246398166033,27.857849715502073,11.765862764303577,2.0347274249759586,403.47582194789703,0.7204567414627562,0.45221510010171806,661.2319851897158
20.097623719829468,59.69232762015961,36.6468042645461,0.6697361202527152,274.7366576618363,0.281825003295472,0.14278563666788469,25.664294050235448
23.487353430861138,33.271575404306034,16.840992930958457,8.773504531328387,48.84733946928395,0.18430139695009906,0.38943468007767323,56.64858198760732
412.18727752653086,76.75408482615582,12.419554706305608,3.894049389788753,287.26677455349085,0.039361879819729495,0.9517024063905372,351.5094285988949
183.29436749857513,88.94649691372658,30.994357706758745,5.417609642675632,454.9290872566146,0.021846711986201806,0.31972084933985423,138.02227884174405
67.89495376268297,100.05866991090829,0.33034794962524927,9.680658120507589,204.19318649412807,0.7744856031197909,0.8680981598670628,71.4668728772459
263.51041372712814,40.01502442448101,0.45984195895351965,0.6656472791422285,155.19964293090203,0.13443342736955,0.8812506816818898,413.6267068378644
386.1468087838124,36.74825822590698,13.144128546111467,6.483180074520956,80.30003393882983,0.4677206159711509,0.35018652433196107,649.2709735394557
111.83140861093737,30.456784033440023,2.2032817500492685,0.7410542257486707,84.20830574832509,0.605896815179483,0.08325765805063212,227.0518046115835
313.33078553040514,83.64302495436367,6.481545247841483,3.7546892846650035,222.05802732749126,0.42835180056884625,0.7245579091588182,230.0789820740969
47.24699517191516,90.64757264869012,20.331638960325094,8.038145451934467,301.8831138391495,0.027106652336233106,0.311512299013986,48.334083053842186
30.58245197846081,23.158614482564204,48.15514077478877,4.334722327556344,49.50154853310486,0.7835015025879088,0.7829236142575724,111.3557723330995
268.02054262623324,113.62122462436898,34.32291860215805,9.971823539029504,470.3886086223312,0.010513224541653488,0.4426548482604331,162.28148855462106
272.6143851970027,25.197128365147243,30.760063557384985,5.590592849466022,380.015472548146,0.761889894377484,0.48526674234262157,671.2110729015253
320.5278012416122,74.12963353010704,17.609329392487297,3.2116215263595347,297.4457199589947,0.8933044937881227,0.7779094067485368,286.174013999787
364.41521019271744,90.90605194509165,55.905223165968984,2.2011132590475313,415.9349487601055,0.4328399210571723,0.3823633310616279,268.8790300248188
488.04677933395465,107.09691237460856,23.8209024742315,3.5052053428616183,49.29151083793551,0.5355424730977982,0.44312734532291453,296.1296971460178
260.5686724090917,91.40869321324278,5.2255660077462895,3.725332737595508,243.65105008923095,0.47698339261765377,0.37619046876962214,179.80825824608428
164.86345410591676,100.17280830697918,37.02399096706807,0.6871367772396098,318.7456321622151,0.3892086186234388,0.36734051527727996,125.69428355849288
398.61716641050833,53.94501925428061,6.830303608596084,3.6957419942677316,416.03992399796175,0.8874245353703603,0.5259465769014594,462.8426962825242
139.06196437472673,101.48251137465122,20.713388568101525,4.642385197392249,393.9000844241412,0.8939335106699905,0.8087994445011507,103.87814219591904
222.29085324928988,28.011484638467515,30.444716323068533,7.227377522388046,145.7639323595658,0.3358163646415345,0.36176831192256587,496.9991606260372
43.835908764421646,109.48166560605276,52.453351481110545,6.56729484721608,471.0312830840101,0.615069754014698,0.5242547205377367,57.6838214292894
17.54861799065147,74.75923761537362,29.61279482040712,7.087656552291542,70.92946230112648,0.9269075621458641,0.6707273254426008,47.92560727545647
481.5109652655729,101.72977699624937,42.13552596189986,0.08363681876857099,438.81547312436453,0.9620584989413515,0.269439446303655,320.61252446302547
418.81015965354186,65.23182845183001,59.56901033994422,2.1766739958053605,485.7607223062631,0.5089590404220475,0.27752280490239256,413.40648044185065
349.5072320163805,84.35776951965249,7.889347193878898,6.616842883998565,96.80522637908652,0.4528248052843268,0.9334131270234548,269.7928721080474
207.43170748506358,72.64026609361133,16.48389153117117,4.839893681797472,363.8123714598548,0.2786943159285258,0.7235345733310886,184.6010880212361
90.78068843506865,93.15895217553319,23.674564535858785,0.05313475668345946,29.739904201219247,0.95887187319041,0.5771866762233089,89.85490341345104
82.4363361221876,28.162998203058958,25.309690712329882,8.044946424318223,208.65718431818593,0.14281430447286736,0.647720054420612,196.7832443451892
128.87023459147468,26.03520839905638,24.661264515932746,7.728095732903374,262.9788166068603,0.579829576047725,0.029299443103418366,315.143400092746
276.8671990295296,44.71032340101465,54.456660153393294,5.484191629935626,294.5161606957207,0.2825502675186389,0.6181029655616969,391.5230197803843
358.7249817365309,35.95446801131884,42.84195866801139,0.6646332577627212,468.6092516417942,0.2790082903477966,0.5095088732242019,628.3192842493661
331.797701475277,107.17835665922017,36.47431284544223,7.665150495325847,339.4028367741554,0.40496858737618846,0.5457496797794357,205.9136649856919
143.5672789882417,41.92139873580443,18.562363071766924,5.8371358773136395,245.82619609742613,0.9987929358156545,0.3594238268308171,229.58768052480397
477.6583139282811,117.58652558191314,49.42742305327768,7.8195997715795915,406.74076777028574,0.054966306839822066,0.08147389771294189,265.9001306501617
370.2589737644054,53.68957917711069,57.303630689099336,7.517469923958404,475.76108226766036,0.5785418182035315,0.19333923361205219,439.35602764748785
279.4052559931433,38.21179156886993,49.271896953013595,8.03002071957837,20.812412854322513,0.08257215803527718,0.9507447132126717,460.79605876696905
307.80176938600437,98.96985071424791,0.09390631148837425,5.1800806640462485,491.43542340545895,0.15452082999051897,0.40869956227093396,185.0066371423633
212.70203090175602,85.87077755008761,38.18408221100442,1.40324518193515,52.20474814120337,0.4395629417728987,0.46668315583086417,175.64218799424202
127.62683980307294,69.8195716453139,3.0681228865260435,6.711574733796887,409.04952184169304,0.5104601313464413,0.05270978985343899,119.41142505924904
181.20647593237447,75.53635509376312,15.45643322002331,6.204737850519706,147.36402875019212,0.258792408364524,0.03756622954398059,170.5690355899427
380.1338246798627,91.92017782722638,3.571482020866301,7.422531871990872,74.76803229939716,0.3164571308744162,0.7171814470467577,259.8582550023675
12.124776871729155,42.84547413312987,36.22772717696326,1.698810060507353,225.5292634597791,0.08696702025593306,0.5380946641211113,30.775230592414697
62.45595705092354,119.63339160567419,41.195394809556404,1.9497519990028922,325.5387239293306,0.3032197838442505,0.5087059842162667,51.465560733132556
27.77130780076761,117.4793162146783,6.8692582839543075,8.904095172193285,196.66640406150276,0.9665584393805441,0.24312453042266868,38.841710355774595
25.160757147890216,85.03256863469369,23.03033298269877,7.499777984520708,36.737050058522485,0.9447073816724817,0.7447507316299222,47.6798221646914
428.45298908544856,39.95424509291451,27.37419053733252,9.08228488700323,303.73595843277116,0.334878290136985,0.16823657910849188,665.9360698210666
353.3106403931117,88.02282424312914,22.143181305654995,7.587153211639207,452.1776052942306,0.5708539362787616,0.18993474366102003,256.8369004687425
239.71604539822596,27.219840897917585,7.261500029111582,5.971553059903019,197.77552931415332,0.9095953911109443,0.46071217134827547,544.9072761998003
53.427909522245734,23.065250220580605,25.136867411248524,6.5413273702787365,116.00306103910525,0.0061838226408966745,0.2862798621119409,143.75907176775382
248.349858182832,45.76828885112137,45.07068286850509,8.891279239400099,226.86289950707953,0.8106835703375919,0.24746298123314636,347.05843855810406
239.36852653638002,66.26229567393163,4.260459871995328,5.7880675451194055,33.697728413902624,0.948369552788919,0.6452376445533317,239.00610938663812
90.73492560545752,106.82725054083805,4.810800844914207,6.323913243283874,412.03891639533464,0.09132573433355706,0.6509717452185445,61.941572967079054
219.75656637279664,92.7169069766308,21.286277510159053,1.5647671600360058,414.9069973655915,0.16144768603292103,0.8245170697999292,156.88929043341415
202.25984352669985,94.2706521199981,56.5035426971355,4.739212201161028,298.1202270805179,0.9607463027713554,0.41770856697297587,172.85735249221608
309.84579853584717,62.54933344480754,40.11435880337484,7.16397111958099,183.02041557981084,0.5375401436403463,0.07308509102615024,327.76775980654946
319.37135717948365,54.59349925469629,40.72019740035389,2.709426983163654,401.89384857843385,0.014196634471723701,0.2736663849214577,365.8456969280771
27.425484837162035,57.10387629846027,21.715199450271896,2.022541805245349,281.7966421462999,0.25763199876352916,0.9800054631968169,41.03717640860396
190.43324424010325,118.76495637360578,35.619647472512305,3.1382680822441555,414.70683118950797,0.4499436742688596,0.5962585752327021,118.34002887028602
314.800658278547,24.010919141248248,0.6078710416646027,2.4150062799283347,319.41480836568013,0.6929089110247677,0.7097370848010203,802.5255129331053
254.05244799714342,106.70314961224486,38.165762784572536,2.1491263703639585,394.3586818742707,0.7331603781367996,0.007357829625414536,163.16524260156638
428.9624713882195,77.86754085723933,54.7972168545742,4.24850842868087,303.29586667670236,0.9954215129254561,0.5182057321825209,365.7206448561847
331.0533476513778,63.86154191895905,36.75440810068915,9.07838513883534,212.92912342567644,0.287511199383759,0.03752865753180312,328.0215648535548
85.6525414053077,92.52576604151365,52.4219156079807,5.070596467387183,479.3934713638074,0.5382201018684752,0.569230212091448,85.63770213726171
39.931529963212775,68.66689414247028,43.43838332796563,1.8792038081532303,275.1457741906339,0.533323547859605,0.9207708496360754,62.892485658826544
322.99754271212623,107.34232380816606,7.233504984221415,0.7697166938087407,306.4938640848638,0.4056452594472375,0.9684191305004078,199.90790251836935
18.123098718102796,110.07018640112585,54.1471984371505,6.961561451379252,118.03894331322714,0.1691618938424202,0.5405526753889242,39.34876217972458
294.9589127303643,62.17209268734554,3.986630661346493,3.827987644363878,316.56888681936545,0.9774565631838426,0.45820480525221596,302.4546523478105
470.41396950535403,47.682779723505156,32.03804835286583,8.218309465853594,290.0877482466425,0.8533171866665861,0.945017094248494,634.2552031833321
289.85971804856007,79.23503285933623,8.52822742760746,6.595107686407702,100.57081499404222,0.4983330282942372,0.6736098319966951,234.66041029517118
197.14411347222836,111.2363345616691,0.7023966438542439,7.962414505413685,39.19767770304042,0.6032454226840298,0.06489927953840946,112.1385745115622
323.4276681289648,41.06621890056665,25.322055607658342,2.7194603941844875,306.1360666602378,0.2272610535596623,0.46572557766749756,491.47198538189656
231.83518079330074,82.29665835634827,17.702442459249376,6.9235892246105815,384.20921198165706,0.5437870703917469,0.2402450184643039,184.26874857580023
275.08031071138777,83.15602200925206,29.160029627856183,2.640619846937188,266.466671751784,0.6949701331214758,0.46980432144868156,225.27750839991307
471.02508034437994,93.3113022415281,34.63199320407305,9.390684794502915,121.11858640662639,0.5151670283865888,0.45546557200636173,318.2220883288079
196.12080571138324,33.15676851272598,2.6243443385368415,6.363742815333744,336.5957685795871,0.9902851705849413,0.582144802814742,386.5045017424603
480.78932909283753,91.58249646820886,7.380197707424738,3.245118001753421,49.2518060387051,0.6113416562477262,0.35677049034925123,334.923613165549
453.14856776825155,110.9032520665641,33.51854378702552,2.6951186229227266,226.49851535295775,0.37097371259216905,0.16427044945592806,256.2669028444969
101.91661172070174,37.968310887024195,20.590041190359493,1.909265850716435,90.04971161522589,0.7721520276158381,0.5037194345899563,177.41250816039562
39.3338439332069,43.75433249238776,43.75040925296688,6.946409588937278,100.38493501934285,0.17046251158164205,0.8302028843457621,89.75683958705204
54.88511068182619,117.13950940416396,39.13749891551638,2.187156129979273,109.12403508751979,0.38451581370626653,0.6640122280676023,49.66847707907457
14.019803697517116,38.097695270948975,50.73626177939441,5.953032659274891,199.48645795154917,0.34695895037758584,0.33836786592521584,44.69430019430669
51.749265574184555,105.4385093369579,41.54956960015352,2.646350269253573,35.063600753994834,0.43180709510777726,0.9355230227588572,47.73814791450752
343.08835284109665,69.22778564480348,25.795864643408887,6.619689447938686,204.91878605525812,0.7817798259287263,0.9122075712491822,327.49954024774223
40.23838098781335,44.723107440317705,40.377997343665946,8.149397285405392,260.73664908620344,0.48417303216340746,0.20934839938409877,78.38892247804918
162.89293699541184,107.07499012725114,16.522870455325112,7.780252431446532,246.81419963349936,0.7940144502659627,0.039417585120362975,116.00670788252987
423.21327892988,64.53052550026655,18.37880992669276,7.608513309307817,197.56420919748987,0.5764889031398659,0.7413087083507622,411.8834697487713
16.519608189233804,71.48173539296903,47.3391095952476,1.8772240569225207,421.1818379546687,0.34206943465755535,0.8276102613491533,34.81220544480257
408.1618988815232,55.92333693997657,26.78517098409493,0.8838494698451871,81.21007928604702,0.8099787436834724,0.9678645659513553,470.4764356555385
144.51811351283297,79.29508514349274,47.90282043110115,6.989488284873856,257.7914044528733,0.23828967055309158,0.8898363940883107,144.72408406364573
63.49158967271985,36.352387258502276,49.345342420096706,3.683472137943513,40.40029430871161,0.2243829797997955,0.6005347682064148,122.95421030132621
349.88489685525457,59.10815366517607,51.453740259677026,4.3234622640334734,44.866282650175776,0.5045029240548358,0.5300523392123808,391.03758433285583
316.32670915604257,116.94123223352875,54.99811415047244,0.31149092793391064,291.19426634177717,0.2608492459620889,0.02784105126258629,183.33438494118826
439.3486466958912,45.81334327011275,25.859113230797774,2.595764492750492,287.34902819503225,0.009087034951216322,0.24665644684477783,592.5157903516312
368.8601666829235,85.67366645412922,19.13200909926833,0.3367640387446402,440.2364212937839,0.6482975272988015,0.45961475173292643,278.20202781356585
402.72306054050006,52.51900642246949,34.93192479564683,8.791857726012477,283.3581010734359,0.511093821472398,0.6285039000835678,476.3039249162457
144.60711342279671,97.34731256866006,22.270345406257654,2.4339668321853045,480.2975999983766,0.4455178144931612,0.5572518333184107,108.52210611642978
92.8325741709628,33.08736607183498,36.06445000801398,5.5733716957300805,33.86047571596559,0.9669685146183153,0.7426359896816905,209.17845100770668
376.55430206222485,116.98210450785447,42.33515175862948,0.3897932066113041,58.023765542563126,0.5711991839629137,0.27976693088704085,212.92667984972576
404.3831959372957,65.37895413836392,41.30430110952821,6.66847391305658,31.592272169486883,0.8634315777893845,0.5649526076524732,403.49988495478334
495.3000452903333,43.605046334646396,22.473173221207283,3.230273457540939,100.78565666343461,0.13945023620516017,0.08814224339079213,691.9762830647403
209.2457500711561,27.349674733001265,10.01161210192517,8.979191869576658,275.2223543614223,0.5692064631294277,0.41366552358320696,464.7157583860966
189.14895246742768,36.97579050875407,25.831760307732452,8.881181889340358,326.33036889943975,0.8679796267309029,0.750160832954601,347.9970174701547
389.32441556728844,71.97739485560177,8.555648644914523,3.252906183617478,32.33672739484771,0.583105757279898,0.693400853429044,339.9057694967147
173.69775242524383,53.70031764312863,53.4058221110285,9.009608956904678,473.52573602434364,0.7180141781270015,0.990642737172179,237.8064213729921
465.7248761737645,102.88833658826094,20.752647644271445,9.961576734987789,422.6610345586867,0.3720435678122074,0.277891125987756,290.7231202993837
429.91431216229086,63.08875236618059,9.267584833399427,8.254156641239481,155.34011625697562,0.09244951703706661,0.49818929917397914,428.4302893494525
217.35204355063408,44.87142725876299,1.5268655943450526,8.448713477552289,47.8218898109693,0.4579002951270714,0.3295304137739967,307.50961913030324
376.6811785567912,81.714498660403,38.749343177189054,2.4900873610908993,93.24466587733806,0.3944793908388575,0.44060311405917474,298.601808664555
378.4987226719178,90.67772168854458,38.2141390472846,5.767023988577563,72.20276273993662,0.8670601823789473,0.8569501298693881,281.9021411199012
56.046315073786644,36.704190790094984,20.4362499948775,0.6725591396736785,70.40905185648396,0.24399530235247224,0.6842090751884866,112.57681939730185
451.7636888063855,36.761921628831765,4.30271333085906,0.9491793682166971,264.0952274462096,0.9667342275351081,0.8824411913475817,753.0578021898988
255.0999243616893,23.667142693354297,24.57773369371392,9.988926120332906,130.46524682176613,0.9581381198044961,0.20351110833188646,678.7236127742145
414.0964457233321,93.64020150656405,18.673049703803613,3.2663924942591094,185.48846109928078,0.2476316430714387,0.873361117841438,279.52045162271696
163.4245525101528,86.38045276218051,40.627238384100565,7.481839120488464,494.857613358318,0.3480519554773205,0.05976227417838442,141.52386579273823
448.2839981056192,67.46308757498139,36.346754967161424,8.066650530268165,345.31398197341895,0.895555740873885,0.8885992804371524,436.7558687620184
197.65483097341075,104.41704489691972,21.8756236918524,8.580232710072291,475.00052685303064,0.9666222208961075,0.3290737794607279,145.43968080450784
10.364637482747689,100.56701529500532,13.073553255299405,9.976282974021565,79.85271196622664,0.44343910283604404,0.3145876334140665,25.301334261691395
453.1640783275355,78.53543643967521,59.282157969335515,2.414964852568678,197.24834266795895,0.3209970456408978,0.5120885766986639,366.37724768723217
50.18690500913611,106.82712805132586,27.240097271766892,0.40350826859699707,281.8185836083536,0.526094013251542,0.9406901877232318,49.55618012117892
163.06025060725537,40.58412100367683,41.29645414681422,4.11191517994586,47.61145032548163,0.6877692063657348,0.04778136468140537,269.67121656153586
475.28067369014843,31.19196193977279,8.433178054701646,1.3008066982894695,12.051847377699353,0.2734745153749798,0.3522309750707453,925.8748938501781
475.55053773409026,46.97496115169896,29.135381979563867,0.22425889162055124,338.5128235604896,0.7364731746190728,0.8565719886833357,641.7798960828235
288.8517546210266,25.708685608931486,1.6522031921679292,3.604268271414861,324.4915632327033,0.051657357114641034,0.39605447743546673,683.1838147077557
317.75942002405066,73.1169528001032,30.327307074626997,7.837382510752365,211.28651689980975,0.04929449276441644,0.199156897597067,271.66873354308706
226.98053337926828,113.66056922949615,57.841044427062144,5.661806912250709,249.925597255696,0.3862877051455452,0.4247941813314118,146.06535230335348
150.13933199054193,23.934354066850965,23.052402779148014,3.1277798921035407,213.5670702901239,0.3534731920607206,0.3855525014916693,394.5296369783822
167.6889499581084,32.21099140100268,2.3397607544946952,6.543420054927197,21.762471973995538,0.3156332153671523,0.9154162014667034,318.64933759730957
337.89663575813404,65.21990282834352,1.8573474551606117,2.320181803088107,174.33208704655658,0.49101976266891,0.7619343757430971,335.9220787039133
377.42539207165163,113.38750175279048,23.27920559681217,0.14381446072085025,96.77030514467202,0.32073358231157123,0.5051155557440064,218.8445482067243
396.831626644295,51.61561049767505,9.601496187791643,7.643533864364274,58.22785265967068,0.19225791846809193,0.9883705667215711,486.89753283180397
395.86098068330415,70.72348086883925,1.4011257796911547,6.237430848640091,478.7930126057814,0.3094695490886009,0.4652775312759233,340.76922631981483
50.147021009101735,24.15728590503921,45.37281683701061,7.6230262450096,303.6862652706611,0.974904272810235,0.05823783082027523,163.40342209553262
249.73805082777784,34.834320096208884,27.511380532913442,0.3893801668766561,367.0415792759353,0.4111134169948486,0.2622743218149849,458.55366293975857
33.49158620823892,118.66301229588468,17.35468631835927,8.371196278306522,164.52823420039758,0.44471277685833577,0.4360704802193126,30.753478297043678
277.0167967502491,116.51186964360456,54.00499098098884,6.195262000363034,202.64209345206746,0.57654498995114,0.1569026241461201,176.02839879139253
223.5575981798216,20.49399809344096,6.968337612031537,5.633953507126401,126.0927570093945,0.9833407684142266,0.947565126324043,683.6453358142703
444.41357046535836,115.18117854232389,57.35512973731915,6.246140481145316,57.51317877305812,0.241601276435763,0.7668488978177731,255.40317249022635
178.70293121327896,83.91199378155004,18.83800304264117,8.644332468683642,97.72550234637606,0.6812821105324338,0.26828720042777265,153.118914524399
62.9481731316649,106.79182945200222,53.30422033852087,5.86936506558907,400.78188219527806,0.7159846935417241,0.5908045335179158,75.10862828474605
75.78088261615375,65.47398556338591,36.17657258876769,5.809503798881793,341.99744454005014,0.6073244167930659,0.721449157109572,96.5216324654823
381.94776270014876,71.55960285792503,49.60244158448925,9.906791570657658,277.9951492328837,0.08857833963664408,0.941278928906798,356.65381898816025
311.0179413415492,68.88465802569202,59.040789792627855,7.56730167068568,242.79403770471635,0.6768722758275765,0.8816353491754106,303.0347401668313
55.05572468078117,86.68642575461044,17.304326269124743,4.422938054511353,461.992798991501,0.06409471103617548,0.5151922261382137,44.14914285223967
46.63286902692373,33.96512547563129,57.668129124455575,7.073970000329277,45.64012441154752,0.5961426495498969,0.7746526197930176,120.58687159875824
351.9797200722644,22.997358987267795,23.36891369414522,3.892304716917885,147.49439848657883,0.7395811772217427,0.562144753827585,944.112330303156
41.017688150275795,50.79299415911909,23.13071428421534,2.28875462483499,181.46954824964988,0.21096989061995042,0.5527038900455401,61.64508191564915
411.82072934872633,90.46807627366466,20.423226255270343,5.968518768877594,393.388647984266,0.841622007542774,0.1147419583381919,300.05761191929366
354.58990244246564,40.185345212294834,32.48445644085511,9.281820981139514,496.33216387936596,0.030353805533004263,0.12613765801615207,548.1890657211059
45.26764641774038,87.34324333249174,9.248702590709225,9.291395200154627,127.928552231005,0.8438128636583061,0.5295336150224574,60.759913981564495
46.99466847217,116.99120461072704,33.22268912148067,3.419052781054903,438.4105937271695,0.4603290506427651,0.2688615449790066,44.755843968633535
493.38659135808183,29.39007157894184,32.50228874460024,5.276774662216949,417.0051526115777,0.2175879399316445,0.02103690246046863,1026.1277246116986
190.26404389927956,87.26021182251263,45.7141087562922,2.116358985698612,120.08212484446564,0.133778144993968,0.7228392039002123,152.6045161571973
188.467862798111,64.37502193045711,50.018997716255136,9.956311094988834,205.67296429761907,0.9533071675823725,0.03248659669016496,220.53672922020243
407.33578579246375,106.81422543775054,26.42648101874544,9.811179078679357,210.73970595333438,0.07266558758115671,0.5952768411040545,244.62340953406454
473.88804580501005,37.71497894473859,18.139994961089624,6.495089297074474,489.32812757801355,0.19909341993592566,0.5391937941273144,781.4933121690367
493.0705265923211,89.26259522261645,15.560093839025669,8.044140596774733,98.63703167566018,0.34782234743304596,0.9688146905778044,355.1992323009397
377.9222017031761,103.81152896481102,11.677430202292316,7.151001612837,401.5874058413432,0.6202348489611205,0.48421313934764165,232.77470868837148
191.2484948378033,114.46142194740233,3.458854931941493,5.931582190394682,173.75442994482387,0.5448010852760984,0.06360143637779736,119.903204151962
46.33285476584104,88.32480282896458,20.5468787300828,0.533479969888977,368.1264694303186,0.12564349241231398,0.5516879678064617,45.9362551977166
389.6877233840812,69.71747640084273,16.214861527846995,4.54764342552661,215.80539210487478,0.2897279837382146,0.8410961706161014,359.5224078653125
281.4101036192235,81.78472402012139,57.98504315198444,6.747863021674105,293.3962839271046,0.23875177108602408,0.9968492842814399,246.89032684707846
214.98989457725327,106.89049844787182,33.462529575002634,6.775316138836846,417.97976892980427,0.21354285449034138,0.4303431736890725,143.3013502628049
453.6454206218943,77.06097466388297,20.836622341830452,3.7312261842238357,404.0411268421032,0.41114433647998705,0.3202987424967425,367.73578650696265
60.042753741544914,23.038705969683686,34.82805605962176,9.416919866580306,434.5473599344531,0.7040314525916569,0.9066532969519989,196.03256871775088
248.8494266239753,113.09486955069778,8.35180208074173,1.67357032236781,39.212489418882924,0.21745293221723594,0.19124212907612137,140.54191830989674
10.620054159872439,88.95267510315611,26.642624952132174,5.003594462155606,349.10477098947496,0.3666788797029814,0.6154289150329266,32.7417422969345
236.9870177870925,87.65133857772466,37.57405928526383,6.908839765508228,78.59381459366381,0.39091742684116226,0.4057144241809477,176.10369268817112
32.87012146250949,41.567515239771716,29.333869907547083,6.971358058918092,213.75109832902137,0.9764565294354102,0.041082364955555284,77.02429892173856
63.8148685526956,85.88854702326572,24.106728039259455,6.486389567688155,278.8083233767974,0.9546663568790689,0.34728847430569776,69.65493930338312
63.17549215466692,59.386440565415846,59.63090333398189,2.7528821345186016,207.34234752594708,0.8001375827520759,0.2652285225026746,106.01480793287143
326.3590995474515,85.12329770414921,52.81888572893562,1.5620656868662197,264.6097211434737,0.24165892081918516,0.6860911539434869,260.2653763465145
374.29221523638455,30.659303030799073,37.40435748956641,6.3594032682671084,498.2978913113234,0.06803731409166969,0.9487904976919181,758.5955018575996
293.767538723094,85.7845304603036,34.162641670936964,5.993021161394378,76.25648371929881,0.31690413772062476,0.26804718737863775,228.57977781056977
481.27541149489826,119.94137257706666,37.23962878947504,1.7935601028924097,340.9734622148485,0.26679454943383085,0.8114659391516817,259.94837167548684
190.5609368642335,24.821203886055603,12.078726469345995,7.051391455705634,204.04047352895145,0.5059258001463939,0.05535981693840952,484.04876130028657
146.42748270952106,117.71741842213173,23.708264595859116,4.551719917336564,75.1748014645911,0.7777279100677931,0.5381210100398132,111.02570137746307
434.95656845378284,60.690796072287064,2.367571973453959,6.6776059160315295,87.78101405341167,0.858322938878858,0.07055006370989458,449.5997833551077
115.67994006712905,107.07534503372591,28.5327622492096,8.373670797701507,475.14382206035225,0.8448640854105085,0.9340329911306393,107.53358448775182
481.7951570231026,98.23854840582734,32.58147503745979,1.6972842857692316,441.0047333887634,0.35967556122306776,0.7663512805573902,315.0963376859041
11.01646497145909,76.70162609866678,13.664984166192575,0.1914486799683668,454.4505606033607,0.6872343434606829,0.6579499112045923,25.71531771935654
485.0900192202813,93.84492092513266,57.841730829930825,7.791025863957868,495.8510601554194,0.31283419752422004,0.8238963816246643,344.5277277570509
26.364156415535177,107.8515561301348,54.56727665623452,6.096974251526159,112.0745411041738,0.06090554323518271,0.6475197955701631,43.649069365451396
446.11584128054517,60.4140321651033,43.32859412735435,6.996395696221217,184.16527530839025,0.7015652656029423,0.9689443971742911,477.7982657486153
266.21204899771845,52.70331615632387,32.00319772592175,8.381549749886425,337.9173246631847,0.009827552569787845,0.7139579478647715,326.83621908517125
496.51757407905365,86.75933855635847,52.1981495788611,8.028109348245005,247.06324453171715,0.40918258745848857,0.9246586095822468,379.965539137184
41.529299544022436,100.78459419412586,7.839140629407774,9.609201469288246,215.01087135538341,0.32937926930207573,0.517131892010638,37.00041680446954
279.1578707786538,96.22851347766158,47.4305876564931,5.359350788521182,185.32751217444059,0.6933775385188524,0.11706441298186265,205.13347127721667
484.804755131454,99.78136488586345,7.489248838010898,4.884956326599053,300.9525096522916,0.7662454727603789,0.5281777214230171,317.3025719745769
263.9334328642237,63.5583314812933,47.652639752964326,4.018871998907301,292.0407800336402,0.30409463597128383,0.1268728280630933,272.14976599368504
316.55232587695497,101.78342161750216,16.546054095081416,1.5369104284420454,89.11433869147764,0.8116270144448535,0.592493479176405,216.1983208898927
349.3956010473855,32.02090553706084,52.625434861091335,5.726072328820225,241.15252038403514,0.29391676050493376,0.48249306052766294,676.4863745665934
229.99782706004774,74.44890979608496,56.64252562952387,2.7701252432597876,281.20117034282646,0.4463263599865612,0.6225753978327817,218.99848646131537
315.6412496416114,20.575866049812156,8.927758164306939,9.213075122129755,289.44059997838133,0.7270185270141339,0.010046981054831594,932.8609757748688
294.2355844019346,52.45858299002703,27.76053630392361,5.8319080427709755,112.95252452705239,0.6929202292247886,0.1948404916553641,354.5506465027193
451.0732151930396,56.646153487139784,58.8592426897611,5.928401805081101,373.7129822036205,0.9873684723122,0.4913304319121309,514.9710397013156
27.495958269021646,59.61726916092554,29.004446158388795,3.5492466087701002,22.34755646232412,0.22516102421593187,0.9505035615891348,46.32058398642745
144.07677884815402,89.54672066898621,51.812851350872705,0.5198935197770749,183.8676092161497,0.6623179135395824,0.3836090403551584,123.37207256276358
475.45368461789656,58.85581012703457,35.32389132787919,0.3174376537298862,392.30419778246045,0.6096819082757774,0.42437202605363467,507.77085377326307
445.6805730260036,64.86936226225306,22.519794475176113,4.233351441531975,286.30753131714715,0.9150984544900299,0.7146960890066222,446.157772616263
230.5500926289279,43.754413087432745,17.147013331552213,0.8456537809723785,137.9695919303215,0.15636214164487505,0.603792757286118,328.49558922976604
311.96563591176067,57.325179162934006,12.193385465165235,6.068469555401391,350.52702847809337,0.751798163586933,0.29892615009833323,339.5524605751689
142.30368557566067,42.72696272631515,45.707891482661836,8.809730056396575,288.02156263647595,0.5682686162687683,0.4108163955674278,236.2819221598533
98.11997406326185,27.319592376844362,23.19243040938167,8.829148165187222,400.1593686336297,0.2746658697879054,0.21769979885723245,228.9774800073451
234.53071044529116,80.34485933813778,30.67652773204507,6.590454101322324,370.1623412330135,0.4744349141471741,0.9660214591302085,204.1243579769087
179.90935287289614,86.82127985550163,29.539528800070915,2.1123183147293103,308.95288179775497,0.3337765970697978,0.13063438155735974,142.79451603490125
293.9097753661817,81.94903460096145,34.63674175398788,8.629968313588721,249.20706090229888,0.5793134027884609,0.37183678456641944,243.30180753901755
43.4786452976675,66.34940438005724,51.93462873747313,8.860934353132082,75.25924157708647,0.8890006108146659,0.02583897222001119,78.39304445270133
487.32542979475244,57.978578017922985,58.84436061500576,1.966535849529587,138.05317876383805,0.569304984412202,0.2217794919335464,536.1049828299381
493.17431851740344,106.33336495718252,24.455052514429017,7.374260857706773,215.3587417293718,0.631722418326584,0.7804711383801549,302.27774290975793
350.59004843977385,71.9081785136218,49.65113532637818,2.8651954892712297,303.6566506331304,0.5187478471147094,0.20117523228887946,329.5451578239135
270.3677013403396,67.9181877629731,45.87166767928306,8.026403123529297,261.7168490554993,0.051165506445475906,0.0800634025289656,259.16158427264577
158.21617006173224,22.564206580643567,34.411737087334394,9.972378999036026,151.21041772016946,0.23285855687609425,0.4744531798445233,443.51965973098885
407.8285347549396,54.12478276261564,57.36282861671599,0.30026005329392813,13.167535316958169,0.49200172943208276,0.009969234734518495,481.7564357553992
343.94193041417026,58.019561878585705,12.028470931704167,8.973658657909318,253.1572187313988,0.31023528374470477,0.08476615442633317,370.5258508983972
85.4953849757212,59.88227808969005,6.555852618577285,6.226305335986581,149.9567343954991,0.18176359776119422,0.8076258695629751,103.5422214907913
455.90895632445205,78.01723692273322,51.23771801732533,9.733826191648213,369.95806734816216,0.5041328419184383,0.7714733448596064,398.597589187599
412.1559352469686,73.36025467268784,26.348988998024897,4.650095175264276,21.73366998253691,0.3228097934478503,0.915138820404896,359.9424141543955
475.1509570795024,80.79050927934446,50.818131252423626,8.473879305713737,296.5656275398375,0.2581076431734147,0.8545154359107495,383.186661329166
364.2311566522382,96.48832615421283,53.585412311724895,0.6239406859827723,471.32237637797203,0.4639854174403808,0.6831755632398181,257.2543907040581
308.640521988216,101.29857387160935,3.7474556171442863,3.352790500782957,95.46054088463477,0.13328425808217315,0.05233285730066284,193.4911893525808
212.03030296385634,91.81230762264944,53.007885779163644,0.6701653775120997,241.10825046779172,0.9277457330754073,0.7828486179866575,169.01277063026893
466.7005992602366,115.55236959549347,26.89914332216533,9.753431334790704,54.796775990397705,0.867702097919239,0.8455108108405605,266.9213112271018
433.70162530270215,21.823258267636163,30.625949340253932,8.169739072718368,316.5841370080628,0.7076205857405353,0.7990821457719545,1221.3442409152178
27.38324170256376,39.57779856835461,37.59555066559261,8.525474212459706,279.7605234921505,0.10621382758845621,0.5084790353080261,55.56281939224347
18.051652376139742,20.756287497814213,55.582956403805206,9.379652314338943,209.60910686428784,0.775877254469693,0.23290183864948166,85.38947089404742
191.34936660463455,84.7474714154603,1.1469656657858418,0.8510348611978535,265.4747405221332,0.807957328109019,0.8453299756887267,159.32738535145901
406.2238987370073,109.8030548949987,28.610608099069026,3.8559759251333334,449.321582649815,0.7677646177143377,0.7271628097401385,246.8196201285589
493.7016840108975,44.34822965762993,41.26332254583364,0.7103488904400213,106.18420813242285,0.11396588711924116,0.9807611743888516,685.060397201124
79.45636109624645,112.70345447963066,43.362417461893706,2.107931015500286,21.056610735620147,0.6439079570677647,0.15569259775593292,67.92514851228218
299.0947040993069,26.026739028956086,41.55194589222648,2.293657770376724,432.21579350255945,0.8343247957493986,0.22566458305205506,722.2060875766887
193.54097403235565,113.44360268055144,8.066107764487311,4.691072110475787,292.7873703700742,0.5773534012196677,0.2117981498815027,109.43205645037915
485.10762691822856,55.16226872396344,17.963735302300876,2.685621674536426,446.42264317630276,0.646407375228089,0.7925397676213367,556.1061702400019
421.8488669521758,30.142082844921653,21.52293152502081,1.009781068177611,302.50315947245457,0.4583634794263062,0.18690729645011817,859.5135630294261
419.9727088320132,68.58717591863257,48.2662324607703,1.674910890941077,406.9789340802542,0.5287073198840526,0.0666598298233061,396.07670793974825
237.00311409851028,45.677656772050796,16.72559234487318,1.4727556355209093,220.53994804402248,0.034376858351725215,0.9985608065856286,333.6637492866527
210.33565365714426,48.48729019619228,12.64229783203219,9.730767979122984,377.4313663312517,0.6389630219732846,0.024817211445149145,289.7780241670697
140.3365006056996,50.72899649262865,57.44688114228577,7.592925069184736,457.39031877602946,0.08144721289115919,0.8352440601588657,194.80798444703186
32.90587084220893,100.30258978326634,0.531797106808134,9.67761465269562,290.34025222388107,0.4350145943402234,0.3653668415506528,35.409052540237965
433.0375762462513,73.91612766752544,59.869251340918694,4.397404865079086,98.58472377556598,0.2926550976674078,0.8416154597578153,382.393219899209
407.3859995193884,51.13076991560037,40.609277931443735,2.783684816626566,141.71083136479712,0.5454279502117131,0.554620491211145,505.3640002353662
499.86024827663465,81.03337833109184,49.70815796694703,7.982931972091867,107.33584267972883,0.13341633552320709,0.9016312294863601,407.7001720227386
498.33523435158315,91.61506742231936,17.67716378077159,3.262539180411468,130.9599435219091,0.6916434019733182,0.9261929864146267,346.21270181720683
279.9386942733006,47.262400073353376,0.8589166600235987,2.9938337370534827,160.14357018200784,0.7950115369284704,0.009098181280775997,364.84993992279334
385.6487705143527,61.354910152535155,44.272171113691805,2.325059922078312,282.0155555090623,0.1633544497431565,0.07541217599278827,401.6669524073651
472.6590362918019,32.18860933369476,50.04867582004054,1.2967897822423535,298.1158984372781,0.10431308735188216,0.2503587295708555,905.8742538997124
425.57545838531865,38.11493495346803,44.42856791721115,2.5646306101676597,218.98487614851194,0.14551548278735915,0.6693154163635017,691.6060759417305
127.43731036288284,88.11178539649828,8.571017238050317,3.553197484738877,311.55618211220934,0.8771275618985017,0.888272196511506,117.43839038815936
228.0193469784963,38.143834769562694,45.20567533541814,6.739942081457304,49.9717135495693,0.5281892617563562,0.45994195129396276,389.83293711089914
68.93391049999002,72.51633836670601,46.13536692645846,0.6256484221945158,53.01623615849839,0.4672609960075026,0.6069731162742654,91.76935352721657
477.2552584930676,90.90462617224327,39.512430940203295,2.1050693966534295,94.19643557525264,0.10671181910235428,0.18849985279556114,331.7684288761705
305.0564440531856,30.687692309474386,45.966955967735174,8.090236402916764,263.8579740397689,0.6495560067569618,0.8049668338816853,637.1970075493831
118.17818872421405,76.73122196289034,50.75528638066393,1.4692192358377076,114.85739256217364,0.8679995918950899,0.9673281113534697,144.27399707137417
337.49183878089906,45.65627837013638,36.8162468542475,3.4264514652252154,148.80935771136288,0.828185869323453,0.26859893291459747,474.37819963499965
310.9734790266584,116.29268752375798,5.316282838180744,8.6465892185814,206.1532897247671,0.6260547089808013,0.4948259516005463,180.94742564306551
182.29054542625605,68.35456467199248,29.25766858003265,1.5492531114344266,407.81440076508613,0.07527871665167363,0.0861161105063738,175.16477942131053
61.21100813881637,100.59925497751581,4.658960080296303,0.827368356181899,16.792446597301456,0.11239702717601296,0.5591366564629684,43.77011977888858
337.4287318184358,75.02265421562618,24.452581861945852,4.845379950800108,328.19562191594497,0.049308987109824676,0.5027834418466806,297.3272444084216
262.5523119473777,24.341253285481915,24.426389347537658,3.024195112785364,337.74950020993583,0.2574792164924693,0.1444364841550776,662.2255429040404
387.29760390914146,83.31513755940223,3.960590648414495,5.634083644838541,401.3413323747519,0.13566146716037775,0.44206621311807504,288.01131229878996
262.4809330504367,115.14033422066571,20.92923203816876,8.038048904834751,467.04894013955345,0.2600480402524339,0.33410465208656326,150.14077803971452
426.8298426576774,80.16118201463311,6.65988592747889,1.3714848815274316,19.867545985152013,0.3850580557189617,0.5218308753051893,338.6426929943848
278.19388519337036,101.91888594267903,48.49411260055333,5.80699084554285,85.35401570147593,0.9429827840711357,0.5856543354287992,205.56265197988358
282.6642959100162,108.42064633484078,56.861281557868246,5.055087603898639,444.2239340874366,0.6103760597816921,0.008495578607209509,182.76621178098685
438.9435333158808,42.80797719489325,4.338988515476316,1.4407878601319957,234.67409547163754,0.8349737856829623,0.7610059829495553,640.2657478295508
204.72401877513653,41.204483990822666,57.306912437502085,6.2399848552898245,286.6494130773971,0.7103515007123322,0.7130142918617408,328.6640320142968
71.33753808306716,81.09809888509918,31.35459596020471,2.7364041786077165,334.88332982434224,0.11250313052663174,0.3662863862065222,69.82854523062788
19.247424775102793,61.10284698067047,17.973940677232434,4.878343185440125,342.74263620286234,0.7359204063739488,0.05293593556881826,40.56332847881922
378.7929415584414,103.98613028667204,4.611724516569811,0.8227232427706188,466.552797625089,0.27509888155912443,0.7549325397850504,240.57087421381763
312.053227919965,110.00231233980112,30.03745608422507,4.595840572136231,498.50521453171814,0.6391078469947064,0.9551751604781324,196.80070602689113
353.51948520911566,55.34213793027181,47.67093266944492,3.0646346804282034,362.8771558561607,0.3409619736429885,0.2401515960220142,400.2311749495511
110.41725994691082,43.687055897448204,42.42518863600189,8.223812111853544,150.7383925105239,0.9976722632646592,0.3235246137370379,182.21021673696222
72.50388041545104,98.05255152438619,3.013560687838426,0.5697872699736828,441.07867712422836,0.2635514794967778,0.18381288948181496,44.663860285564816
12.199609505601554,47.48060355481361,4.37411012207421,4.1860727491833,34.11824812497319,0.27913047077426967,0.5769361233448397,35.46120275406378
178.5408416092655,102.26143185136785,24.172396957958227,4.58431424131438,123.22961790850314,0.9306722555623983,0.15484139464745494,137.55110050617088
297.0092549930434,62.37382536487628,17.717429642876596,7.250060762991187,449.7190015572203,0.02464440463632267,0.35619394346137945,300.17861339158975
199.1608023243675,86.75498992914704,13.94305938336287,5.74287575090211,135.53384207528393,0.6966889878731969,0.697013013934263,168.32147780527183
221.5500864017459,29.55353138346682,16.860269934522815,6.672123371941811,118.11901921465675,0.7253263907358781,0.5601159830093484,475.33912861978797
452.5585537744055,82.3859324676573,48.20896459781308,7.770492856517562,77.68139363872115,0.8363785774103993,0.38646256432793524,363.8718776640186
177.38645617653367,65.17676787372291,55.75368321791123,8.622029736581888,430.9647612469891,0.9744393106384753,0.4202496018075419,201.48827375150677
259.42479713410637,78.66084631754741,24.306161671653985,3.1387549672247053,255.0285470036325,0.9756019191566524,0.5621108826232295,225.44542005642424
392.9082413068658,36.801420774486346,54.36666012794982,5.38022705363903,340.69766949653587,0.0652767575664639,0.005864727887161303,652.8854336600516
201.28867724902872,93.68737449441821,19.28974207487292,8.401080784391999,127.14252819676454,0.8218393227529025,0.07850986845360985,153.3322919519869
312.9329166127974,106.27970775432286,28.586219180627495,9.894511309650564,381.43980629549606,0.6463099336573813,0.8812580677630116,208.49434419139433
431.8700358296389,41.67398000907757,13.561739868959982,8.895193110437631,382.40271703142827,0.6473421343730912,0.07787898909129076,644.5155600241937
475.0127087105328,29.57145555201617,38.428562530550636,3.714672626243768,163.17303220506707,0.1283499266146948,0.7068035962105051,986.6398297950774
77.80137305987378,22.36385860463364,58.73886691048853,1.9516651721865041,211.2344901750386,0.6501871664456533,0.9200381641090526,245.4704801160446
463.66087445493974,84.1971500443266,36.20958576260272,4.893925374065887,112.74823594079842,0.9824825806012478,0.2706836043017311,356.80880459253405
248.5975650743714,80.70940360887808,21.46884504681293,7.416414518360423,488.5149014282231,0.911818569539447,0.37049143705951426,212.7011882656281
132.8309722079844,74.669741271407,38.869046759431704,4.925690707532976,326.3452627586217,0.4391306608048505,0.5689214058447163,136.82569850470026
232.27219933793936,43.194709611597546,7.375240707923254,4.831808633136685,467.9265015506026,0.03994797328609434,0.8817089696385847,330.9678790652682
490.11612476631115,59.09059959055147,53.31954481592392,8.382304210818006,158.65891637827525,0.36229349000020483,0.9419055872604202,533.1368219684565
248.84595652647045,79.4476335186173,30.185037046790182,3.6140377906718637,393.12654736847594,0.8263903116005552,0.7395632481112681,219.7512914477337
167.73204709231658,69.67668588591694,26.960984522378524,8.597946748116456,385.2707355035236,0.701499101465166,0.08661976085469403,164.62307882445873
318.53342288677925,118.77855202148874,35.151887307211155,4.068048009517236,348.91126941460533,0.4593436555939564,0.6691541555348508,184.12652063233915
123.87208129520558,33.64397525567331,37.487031767364144,3.282331056783394,483.1630978807322,0.055101535158831094,0.41030372187266206,239.88090916591045
42.55234741378864,89.51445540475937,4.306548373590782,4.53989911199699,202.8421146920946,0.4268947278233026,0.4707009994910616,37.52734655067089
68.79546234577137,60.431876810429216,40.95703327340414,7.624469586748685,74.05148855898108,0.4690249397178835,0.04914839034517704,93.67963646642961
68.38269028409735,62.819961492561475,14.515900818931776,1.2600202786399428,339.1373410295898,0.928555532894136,0.19106213934635818,81.65998315322818
80.1918332885857,91.75977656581762,42.83715795039539,1.9641921587201738,367.36180223383104,0.6410861035821595,0.7905136075336477,89.10487802096496
73.71945046145802,89.24361513243696,49.352087663051805,9.514448256630919,291.7796809948192,0.3116529166546489,0.4539588330478598,90.0292113449205
322.23299867759124,119.12559937021884,48.237510453151216,1.7549162738135737,111.34076763536417,0.5253182644507214,0.30166224163114885,184.24044342409144
95.03064177757669,32.83942894541252,33.15005804447335,5.6772731793105455,257.18341141798413,0.06605530782216007,0.38401907396495816,193.91353515841098
176.10530524531228,30.410964938416633,31.210193538645072,5.793144666619378,162.97297091887341,0.9725682356497368,0.8543995133256802,379.20937824155703
448.9102629034759,92.43388171287411,8.572557680364703,4.896244620502448,219.45859880167765,0.360059901930726,0.7489990174049569,314.5088702834348
239.6110119301218,77.83869170064091,46.520769024188134,6.447452485768186,326.1571021638853,0.4778673549131358,0.2723153971810828,205.44295813458797
335.44108056790844,47.416066655980586,16.284562826802862,2.2982672579761845,375.1552239185089,0.3552839742369226,0.11750184021237331,439.40680077332877
90.29833624480676,27.94193689889866,29.80172536907679,5.526622677767482,123.79009854165812,0.6825117301162001,0.2519982216440717,213.99506099705374
100.18306431029204,28.565824959643052,17.056445575651004,3.7217325524689713,208.60942671700715,0.662232158329593,0.9207564510547337,235.50962897917816
25.229965051907037,109.41908746641182,8.029701779981588,6.61667259629189,141.8891697858983,0.7153223105291356,0.5815888378497553,30.942704833453384
88.62285622072145,39.18673247187429,37.77346181350419,1.4122354337314946,107.32949079231587,0.26814322961192083,0.5334802087447829,161.2000144020504
142.90221782081952,52.33715621155208,3.25992208937423,5.708774168394762,393.8597377979608,0.315668481164066,0.5963935996924615,174.17139559277675
92.62018971698967,42.6656402226988,44.918714047571996,1.852703553833237,455.5338202741263,0.12525123109620795,0.36602826574651526,152.95111366867903
48.90775420974253,55.49963058319373,19.055207715667,2.786430631150364,191.4137709854426,0.6555099718461126,0.8071070203195128,76.16660699923602
64.7147561947974,26.94238427460934,0.008081580269119204,2.1870980032358323,378.12667294314576,0.03979712733565255,0.5232862493002498,150.47153623684736
233.08549017619924,71.90597909082703,30.667748354233787,1.828377798688171,449.5276917885614,0.5976823355234591,0.11674790276879554,215.47789192564264
107.1351906108673,26.76125635922149,2.8111145116561875,8.25710951560667,424.60086315981346,0.8696958848516338,0.12906512482906296,255.7010098503086
185.31358121879737,100.03565078223616,16.57017346925397,2.857075676608903,99.5785603842207,0.8908321482896335,0.5368591465026183,137.33102254939342
254.19154907315416,43.3712081910433,42.41858924734297,9.271237818644494,478.58302194154703,0.4490377603699617,0.9365702180708392,392.7643119543082
346.74544017153585,74.00119146045105,3.761377297311952,9.699265253451909,194.57145581043662,0.45930368821307377,0.30835212167619874,293.2010733266423
24.459509221343975,108.00790875614582,50.36030954136014,5.712604699370973,176.2279239751798,0.07696918300801736,0.8695411688592183,47.26101658530281
400.7081474599761,85.08773690471942,0.22919535951498649,1.430011226657264,40.591350366112366,0.6707650254430357,0.7640955865788793,308.53783430482025
315.81069279799937,73.29577865513353,14.809432152114134,3.7454824337958126,248.22509051139266,0.8212594203728455,0.24781244290690685,275.5547704848653
45.470720814691596,52.43337531153756,44.454243369124285,7.9773226334821405,63.416671664055066,0.24465505460471304,0.036340748316242455,66.11546417795859
437.42141893285475,53.300191305819794,18.976208983758408,3.673907286970705,131.78451225443874,0.42130088163336465,0.10184726514238274,508.78268994265994
460.8318382632475,86.94869551981901,6.113543283960812,0.8701721830278875,165.3018846659679,0.8388393367652703,0.7284939338474402,337.4022299715086
35.23359012815756,119.41393612211675,21.614035128025673,5.567849109281879,406.32489851092515,0.877120467662288,0.1996697380406467,51.46791096913363
142.05443583286583,86.18391898493786,16.223597183071533,8.451208514960348,438.9894386939893,0.24317998026422594,0.3712709205053938,115.52337714702166
404.06963349756535,75.77834173700249,50.56271412963329,7.959263871435024,158.20849555612014,0.5505706345413642,0.5016991660064248,348.348452238922
375.3885467399109,93.06505102392461,18.800875055108587,1.7512314013035324,430.7620794098412,0.19249315063582706,0.7254681684501628,252.93903443283304
96.33790458140678,66.52056122837182,47.33594830656043,6.727646144124667,430.0431593111976,0.10187876413955654,0.11323122325912538,112.56917667349036
108.6279150516716,26.01423426007852,53.51232868864408,2.205042634356471,384.67896568858805,0.9111205013919575,0.4063664052774615,282.57341062762004
188.38369088173408,76.22968158779098,26.029045174591772,2.1820753455217226,81.88060586743896,0.8205075042321092,0.4850729091426954,174.55309501387777
244.83887766955556,115.76252845053801,54.59658863126352,8.740717733051852,348.2581949813572,0.7600349018031739,0.5408270639715397,169.2377290282511
311.0361119074965,37.530294235765965,22.63908323779157,2.4966895274023013,473.0617916444787,0.04876631881314042,0.8183606413952167,511.7899517515602
187.61225158703735,89.00048908206658,57.84470498940649,2.632473465180112,344.44483459590697,0.8437287927102575,0.1716781950432169,159.29219249285836
233.95468448590822,40.093368865905646,5.357371471534376,0.006533907612995549,172.49225606283863,0.43804407590538375,0.8078314518266223,366.2913932303634
374.99811437620946,73.58276844730813,41.22115599019457,8.706690341255177,255.28386554110733,0.34239512329585964,0.6928784276966522,337.97759994140426
23.15818543084596,29.66764496467196,29.62884242741572,7.925948132091348,326.4052712420163,0.5464763610253764,0.5558708141989593,76.39643709774437
129.9562874502903,65.03709362581851,23.258928327338822,6.27328935090678,260.17950027696673,0.09135324272355583,0.6995278704025719,137.27056334745663
358.10804501285344,95.61633288952461,37.96271272491605,7.502657639388422,68.77694144817522,0.7566465493523988,0.4120177389516564,255.64387492922916
448.12738465516367,54.757152423898205,42.23142549805987,1.520485674244918,162.9113818794901,0.5824350768882959,0.13839758596812457,512.7256334866192
258.2803338472547,86.4911724487218,0.26179617901854524,4.583235945875755,403.17405497127993,0.18659009687316752,0.6657652402653673,183.61087244282444
268.39617520633124,99.54499607897291,10.017185324831923,3.512193873487809,432.0948425868035,0.1882321997690456,0.5246723066856223,175.89324506046893
58.050145613189144,112.71778194794527,42.78276303805912,0.9377652625701649,77.27701603062941,0.18424865157267423,0.6393748005427755,62.82240784178297
226.46912157761005,43.46420818554535,39.98312481469239,4.861304852149241,476.6695086753751,0.057002387551933986,0.33799878102849,326.8704507451233
268.64554689523646,59.931591580930814,57.96285030772063,9.207396503426354,171.12308274581858,0.5877984493716848,0.9068665773398359,304.96523744076
125.02289929919118,35.24160133304174,45.66226741504698,0.4005911905069448,334.5337319780528,0.8403481775885081,0.5873698685755769,240.87990828746715
138.27539931994357,119.24835021583752,57.046362463880286,2.9146091349379386,378.3943215187738,0.0174982139873886,0.08540248429087383,92.88416073883279
191.7556607367882,112.70009679242953,42.152430092088416,2.0754093620570346,407.8536549725629,0.04900464497127355,0.44980399070442867,123.24707848362243
14.935242899974552,73.99571302805596,17.88313251836659,2.381466536656963,473.41735409070577,0.5727702766869458,0.7563560547436343,34.02845724278563
164.42918696367326,104.20332943764213,6.321895335051389,9.084345518793754,163.33057853412308,0.8194956853860523,0.7941345617322724,116.76031556493813
109.6667634632896,72.09579772720423,46.90943180069613,4.6806905423429015,430.6681627302617,0.3267388905686336,0.49459705276375876,117.98964856255219
167.11118932806775,82.35856880027598,38.64895328855496,4.662994129398188,74.52658268374145,0.34961439880772216,0.8947475708313011,142.03888260711435
64.28225525052935,28.912443211601662,2.8911607435977738,7.605756424552823,355.4700441132604,0.5963464974967759,0.26766843719429756,150.40977342169725
445.811003966248,95.52704204968079,21.6030279540587,1.544922040049258,373.5690874618531,0.274212889124147,0.4105986972382666,299.84156594895245
298.8282645092541,32.77134836352349,57.40798892905717,4.872653541000508,342.08438818864704,0.02660836607768413,0.8985969105689701,569.9028104819798
341.15564797652235,102.60676302525283,30.024068742612073,4.2998521412105974,133.63422070622497,0.7352285181015961,0.8962567164715789,222.97862726179332
395.63976311063243,98.20280876703859,25.963748161182277,5.969106905466561,437.7911420374496,0.6256499129414531,0.6857127688246809,276.6409191849702
251.72888846988334,90.87446977429764,27.461976309557638,9.995577032504386,92.74064705149355,0.5807559990556591,0.8589805471222202,193.6830910787532
48.02554260327473,23.616038052476213,12.532963440309823,7.694488940820471,36.28104784520711,0.7416841289918231,0.08877326695623267,147.31578506992233
270.8677382001811,50.31283559453286,22.122430251887714,3.978657030174272,361.55784539983694,0.6752308375620375,0.8649949762077763,349.65472284600173
295.48635342033515,46.311256991084285,22.188795359230596,8.27553052274047,242.9831004640395,0.20588198817832115,0.32061990655022676,399.105661902863
373.99253972124336,56.01364074715191,3.141301211248344,1.7070836331248018,426.0580297797513,0.35248104694335114,0.17833151242821632,411.667236883522
218.6714753836913,28.764274676383856,46.054057711075096,0.30463686308960125,197.8645991185469,0.126110141678625,0.23936983634204634,469.9652796044893
68.15224988380406,113.69578230310628,24.99026591423274,2.0444837246427303,92.45650836877928,0.12985701341788103,0.4179685080138871,51.27492973707856
145.46907337036862,75.38022407123762,49.3307932089854,3.4041155611425964,419.85667431023614,0.6761957463565392,0.2511920046044672,143.03695719768604
184.72573671732437,50.55243106580235,51.02088006719372,5.105807574595599,278.9657195036351,0.8586001069824982,0.32056758601649904,246.58986857030763
324.7290344591426,59.698151707428345,12.719643281919485,6.151291405411998,102.7059382712739,0.962732583861139,0.1349784860716421,350.7406656701351
287.53526081111136,64.72025405048356,39.441208930207715,9.106057172144217,362.98815930735844,0.6283471175494444,0.2961767655589985,294.0202260292446
181.2678793194339,80.05943333606173,28.3369082497789,5.0985400955045765,260.44568285985525,0.18410132336095697,0.5722838145420012,154.59956064376033
493.32504815252497,71.56794276964978,52.809404275289104,5.012756446257294,306.1133612977567,0.1056503454489307,0.44185370809106395,431.88773890164265
304.8585355816591,111.93919732144174,12.944440750587248,0.5024300982298213,235.8401857212251,0.8128509715367578,0.34671876123591117,191.15728383574518
122.42726190931727,69.69634829058302,40.66879201860265,0.3491155265622381,416.0674020708231,0.5787564763599993,0.746452128857114,138.2994781479807
55.38232394709985,119.21580148233127,36.46512733516335,5.511599619163721,416.48573068469443,0.6182850210137198,0.8935099713933179,64.5988061946222
80.66527389624436,105.14249577450957,17.718088654309966,4.381786132483445,357.60052269394924,0.7814620887547092,0.756789222902397,71.30089182739172
126.74907555033153,40.85105143573358,8.196054219070357,8.391803949802986,61.64667492426651,0.7032772277324516,0.3320007021176792,198.04073042587513
84.53727976348006,113.05952146439162,39.09838562863659,1.6067958471184518,421.03839233299374,0.8344582528560966,0.7444421678375537,87.12221590164123
97.35067690539636,31.63663978854761,44.31584748793984,0.24971662117049598,338.7963604611258,0.05621390545987848,0.1519801824740512,200.10611793764951
146.1221085034543,101.74497084911916,18.937640625801,4.490387679301259,351.54184134210675,0.7475206367465048,0.13031798809129091,102.86810665413091
90.81992967090363,58.06232934765801,38.68995624133883,2.374785567522575,187.8615917978971,0.8508527573220954,0.34562703703615894,124.94824445553735
448.8988851900805,107.79743204450695,23.707854456690196,0.4961437333883745,440.8469825169333,0.28613504245831434,0.807702369044057,275.4219899388012
44.715704102512895,106.80566901074504,42.79241299695706,7.24598286847629,365.43208411508016,0.6404472739932529,0.24634824724230187,53.53550283801528
264.6331378372761,100.59254001176211,11.952916493643187,1.1159299995724747,65.16932859930529,0.3141620638369721,0.06325340889867959,173.7262711822683
208.14642935988246,99.00304363070614,53.41290015817046,6.083195000077717,209.81123685901971,0.957971066482454,0.1317095352063551,166.31260153238534
491.27741536976015,50.46791390980408,17.244575787934785,2.8104975016688916,444.32637736046945,0.03342357243550376,0.8587449685295802,594.3525554518027
60.45925657318591,28.09192830512522,22.067159265369174,1.7349605035502202,33.12638383171571,0.579792843832955,0.6337832847472876,148.28499394015012
201.9385215276421,60.29801787651615,3.485517124820987,3.7975152291931744,481.09414362460427,0.1665035470495151,0.25320116336997667,213.70212079524688
484.8878644713076,37.352451498650865,6.690732739276584,8.014457762229537,342.78965847658577,0.7122202051771587,0.5552958253281813,787.5728528974498
433.4260273175202,89.49510889024617,30.951714162739687,3.9209357690457267,319.37422904525454,0.17589028341866209,0.5275796224253504,308.9936686872712
409.45067511989356,54.609972653778556,16.055560603678288,7.507696492110557,142.57403567911578,0.23538326189835757,0.6554359784406613,461.36509867346734
132.66189938724523,117.56102008599149,50.12881354453166,1.2548629679915069,131.90797648219677,0.4943708110457581,0.23318755442161632,90.73782911046717
89.58935575808258,84.0972077345332,0.8816033192972306,7.727714196650791,471.6085275494118,0.9148349499968781,0.8644029871943977,88.91922010267399
335.97839386259335,102.24805636343609,22.745642920316172,2.3693332490664867,156.15350257472014,0.21171437214797084,0.30936856208001284,209.64142222922766
465.04111461815495,33.252467274184845,20.24073280614556,6.773931298888728,389.9975953923097,0.14424002111810352,0.6941316539762369,854.9124671687501
280.5976320418952,106.20144822726226,1.1596578550560621,5.657815548409964,202.6296811214688,0.7589768318540306,0.01612464637221489,167.76455963352183
287.9482812876004,112.27571905133944,7.462103940030613,9.291447172116873,78.23449468450495,0.500619532333931,0.37265712989414723,183.45896692667918
143.58965136184065,68.70619188189359,24.818560495118117,3.87322517975314,15.250495870725885,0.9117851123817714,0.3517098179588083,161.3078729568614
385.89900193000875,80.62529377509775,29.571875066846797,0.6616518883444045,276.6860951374729,0.14661455715984228,0.5434844285830145,298.2057282025589
97.58665553597407,96.48098009029954,24.257384835292147,0.19155485551252904,488.131621088977,0.6459278930230393,0.0727362617771965,86.38745977099236
165.2212220201006,37.48386272604125,31.856260704725628,8.26858560972753,190.87673496651018,0.23287914615181504,0.7901313737261083,287.55610742544826
215.5910371151263,70.25660764634424,35.70790049434089,5.247356376614322,185.02424365659198,0.1567604286516393,0.21778080176756853,202.6285758717572
256.2671374488052,59.86630277723131,0.5954292676701378,7.752440518349493,178.60489274622662,0.6834294151572705,0.6770378148820102,277.5997480831619
124.99281754546472,34.63739921622491,27.845709567210232,2.3442560001151467,265.06648027938064,0.5936846199087332,0.8032121232440932,239.6810056711652
61.844228245905754,56.753442229153144,57.8099544532553,3.450837455132337,225.92579287790383,0.7548274583623312,0.5618769562415131,106.31085059686272
307.2569210086081,26.817230938549358,31.14193680777292,0.3010387221131894,441.1581670962371,0.30946257644618236,0.7408832067219855,709.6199421930895
147.8721238539266,22.5811906949487,40.65253604753719,9.614923245741121,257.70518794451027,0.44797165638218994,0.6618603122150055,420.86650856018116
292.7129196041931,33.51662891548227,18.711831475012993,6.678679067008134,258.8013407123987,0.4054716763304185,0.3555297971520076,536.0691534992884
81.40954406073014,116.31151115891738,46.43948268916575,9.332050877593062,77.80208141307273,0.9840894639665142,0.8088585390335653,78.97543065683381
243.16435041813466,74.9529535895017,46.37528891256691,2.6549640742907235,491.5423750460891,0.2922489567393879,0.294701369885528,209.0174998827416
268.631769113035,116.582216115322,31.277762859248337,6.114636112256608,132.48671652572654,0.2948172383467669,0.5712129177515172,160.88971014548108
30.65265072710132,63.2497878330132,58.560829396752816,6.784999682926378,45.94839305520531,0.3545482088286074,0.7453977391415395,56.827332099692256
171.61911770599067,51.181613308525954,7.533012885759202,3.1754970025758844,334.9416619978523,0.5645940812903215,0.3789559098125076,215.96672347073044
71.53526508479224,70.61418628402441,1.0168598933748596,8.4810923501563,301.7295213768676,0.25232274426374524,0.30276760761742505,78.9912599068701
36.37061038402003,63.95116886329101,46.20949270542576,9.471614629002477,213.4213704564454,0.9152899403792739,0.4593460101728227,77.0414451904071
495.0303150330229,30.566468426174392,48.42933224189295,8.848551176960044,216.87419460153225,0.2656855648662635,0.8179634943491536,1002.6690912596538
164.56515326248788,84.08263146902063,7.2124337472345745,7.390669759393726,394.68132131275127,0.8958157315601947,0.9299217631456648,145.59111519277698
405.88785069804425,41.60381825095996,15.934969977516364,2.7746467972495403,105.89919364882805,0.10347506364658465,0.5450834128598901,607.9315891692781
131.0471241080631,81.95879548978296,1.0531418019977346,2.8161604210563174,411.924126282996,0.6565627023996523,0.6614662053236519,116.72725297477767
342.343847500845,85.02010923981534,17.598516646833883,9.633603204460378,327.8860858085589,0.9069855184382437,0.9032736222389142,272.6921669609237
381.31279064539484,35.20248531286481,46.38851243512029,0.10284495935692028,215.29518915196695,0.16874943839822953,0.0985468514129424,660.2736919201926
299.84117660088293,26.134962711066816,31.077631662754737,7.160499732421445,234.4340221260956,0.968326960099255,0.23207857786616504,720.0865414771941
238.4302133323284,98.07615860684398,20.885735590097283,7.062461625552622,135.75713152118692,0.4528833604155117,0.7089000062515824,173.69014710781016
208.8612525028979,65.98004237693202,22.304357694379817,6.226895409497974,378.5360230215177,0.9457151084410245,0.8237444619122997,219.0009675369323
177.68979193878266,25.81637955054758,0.08121754292808925,9.901088460868658,261.3086237295812,0.676820043630047,0.8570290283305779,438.12340781451064
465.1169264026738,119.48663171697672,17.988031653914152,3.1187943576372525,167.21872594742337,0.30158686987355154,0.4151071768549326,247.370453918991
416.15660685492594,25.778056099636665,38.78752449827583,3.399718637932482,302.06455672286563,0.18830252491710642,0.08933990229186684,984.7638113266354
482.68832077992374,89.50352288585532,58.45166662898143,0.7893940294655555,497.9098815051483,0.3037350462250994,0.4377814772996199,338.00212630218425
66.52712562534464,118.36789252634136,50.82364961903397,4.4279813654373745,223.27851703171137,0.09301740926267499,0.23073459020705378,53.77700073152624
366.7794002258039,43.91801042159256,1.4156978787317476,2.610485262348481,461.1387863815236,0.14386796634332977,0.29119645499662417,512.7342362479053
469.4785261264137,34.22493686871962,53.91363628049036,3.433867021776442,179.0582515630374,0.10466044034648114,0.7722675568375058,847.0730080364656
94.71036775200177,32.13849394224289,46.991904797917556,8.345717902556277,36.819026393243085,0.42294354374155774,0.07552708602588687,202.44917452642812
37.91565234655486,50.327514756759555,46.82256741425883,9.354845135274957,110.07863212053014,0.7955783762575864,0.8275812174807021,80.35661892051289
371.8547213985792,30.104581101064667,27.47974554021429,1.8573307200518563,215.16062023056526,0.1413835542163402,0.42766908582416907,758.498092455115
289.36419102405637,89.2161341694132,23.88031757727017,3.7250893155346585,117.62111501133882,0.13032043317233588,0.5960639311005951,210.4638607970346
421.7052444953447,26.22917981300627,18.174943729991558,9.286305621153941,10.111248726945213,0.6434289495173308,0.089652231235679,980.61020878518
74.1873264300133,70.94221281497897,3.9416915372619465,0.6180846068922263,458.35075349628835,0.19718298196806627,0.33735907835727963,77.23022597729147
398.65731937064567,119.66968538529768,13.694121809621947,0.9236052811137851,423.50091150315524,0.0976100381089916,0.08970091901484578,211.45470957747222
104.80552342363355,101.39702695060188,14.796218098681477,1.6279098920622936,373.7231934286041,0.16684857820557764,0.9615437228811096,76.36337341240159
86.00969171852373,81.52194382310108,29.044624182612097,5.952128341268748,92.22915186655403,0.9237313958767761,0.8072616493262504,99.40995456152515
86.31156997584151,50.62536207866117,44.84666439580164,1.5047227100599747,68.97815234289317,0.8214712527761908,0.4596327543564602,136.10627944102538
408.21448651453414,82.38958362916384,28.428589703876796,9.680763814507335,43.12632724146774,0.3540645623550941,0.2236025483236711,321.408597036421
334.27262424461907,72.70414639116515,3.4706669668296364,4.467145272585204,364.7743024987314,0.6558207673273928,0.9334551052498522,289.83799157605745
263.91738526071407,62.60833838903715,57.46738805929223,5.015179603501664,465.1159007370638,0.5372756736680381,0.34459659572697177,289.20821077537613
182.62108964113372,33.07103767401995,56.56345914564673,2.466586158054065,220.96255224738812,0.6771242634825639,0.16098443168737475,358.44565982009743
439.2142677024886,108.66042152404667,47.1113725889045,4.709602524347335,68.3789292780636,0.6826711524627593,0.5631643884539549,273.0956679600075
199.26032817420452,64.97846488213224,59.479674093853234,6.619136326370115,261.0724821587322,0.6287340150599929,0.9437741203448161,237.20520002286835
409.21672253843064,39.46225118207651,32.66893996801578,7.511771369540428,180.92763465472876,0.2661013685373086,0.003830290500322575,641.2853852335571
222.37177974225813,56.77593508772896,57.76610101519236,7.53868082709913,193.66421293149887,0.03900642076281813,0.23812484325399874,257.1332344726897
191.58749256532926,61.4129752528927,4.536302437005046,5.7789111269408835,314.45200583629656,0.4555667819901088,0.9384476404104076,196.62134527916928
234.0264939064552,102.75378955668742,21.94084489568228,9.043597749938572,362.17187549847915,0.8909738846907038,0.17108596685716204,169.7811076772169
154.18204771125033,93.3614380561402,13.52287608040595,8.174078473061094,64.1957634478488,0.5694972585185759,0.11324345163981986,110.17994043549298
375.0666431872443,96.93048936413398,11.749985048056201,7.570481146986254,27.43921309517343,0.8323910417019079,0.5701872157998045,252.64713628519323
253.8465930957772,21.10312644286472,8.448176933560564,0.5560552168046062,497.22184831600026,0.9916243429612281,0.8618438232948299,746.3802350246153
119.94528409767456,61.615399817976154,37.3448184939598,0.06877962219649314,124.0368909686204,0.16361620413827627,0.47710981769392613,142.345857919408
450.2894137709114,68.13441516353237,46.87931134483831,2.1244727719547294,36.37695720514495,0.6917776391419823,0.9945642566845248,435.84490646175266
195.02615457973965,21.919227682305667,34.69790396522164,6.635235939134523,103.03891125700079,0.6742935737000246,0.6791716995379928,563.6934466733234
274.05866625142437,45.981320874503425,8.81776257529258,4.111974888825458,29.08934471074747,0.9799554473582784,0.07407490721044774,379.2958980557737
453.7036949274507,96.0289823122135,48.66742619600826,4.0240625929931175,201.9873383624141,0.9856007339528003,0.9928321316819754,321.8018902272427
313.9978079774261,33.7109705728999,38.15728242982371,8.845868882296138,403.1768743811489,0.6866786117241295,0.40789423678019043,589.8121208435423
62.86453015064021,73.53101314525917,23.28994236761973,8.955628481318387,177.2097803812831,0.24361479198219427,0.28740253384548253,69.65606732448424
470.2169011886702,41.52018720172375,40.44781773216378,9.091752640535857,227.6498693703996,0.798555838130599,0.5578791835778856,718.58232932032
315.71548627035185,21.212077464389328,15.594298754569971,3.138780765150273,341.037519048045,0.1070291342110381,0.3043075918208643,908.7577293442747
170.77827925525764,44.12014575995415,20.71153250965263,6.910558127392617,259.3580943342413,0.7806993041716287,0.08645750712015232,256.9589964187466
73.93967596837669,117.58737549100537,55.049150587919414,2.7163318127436966,432.10838615044884,0.9101961241446964,0.0014283430791767193,67.45677325046135
398.04246868879653,100.15371118829896,17.430270340285222,1.9060983307444979,434.3574807724207,0.38283339476843525,0.4495833529202623,258.5885193283127
311.9360141846142,115.95766443210334,28.199296089476196,1.8463245734736922,14.856240790665286,0.6306352949830805,0.8368634222265923,188.15639336520664
269.06324052827915,68.78540439263625,53.40846824376088,3.4210762086359403,391.2426901767676,0.4301427320968263,0.5723151856300766,259.1967645577203
447.47682861022406,30.97361986775035,42.463281016051646,4.299576197798217,235.7594641184202,0.43776505498812845,0.9992072989434408,896.2527077747856
395.3556195561427,74.7959488973693,3.732193569882165,8.309491710550684,494.5318652387949,0.31037088910812005,0.28684664564719997,330.3684211762601
80.07906546771183,65.4377334559961,8.838182656738221,1.198910934727121,246.78371717896323,0.7621296204503246,0.28045506476005533,95.46315327377383
159.30242355879636,104.4357082739616,0.47049544631500906,7.349258473948942,493.5790132402658,0.9361765641665052,0.1597494602339442,110.06009355708976
128.00212420816052,29.80825807842446,37.855307413749806,5.314549141893053,379.73898699081093,0.9407508592344611,0.16406358826533518,281.3707703435757
373.2534148234751,68.82411370217781,26.8604055246251,2.879453426759925,131.8163934605201,0.17478128487493383,0.2851865960100478,340.6527924184042
21.598555194210793,35.00486646939842,8.056491054136533,4.928195845328246,273.8135398506093,0.874743649656566,0.7928400452735271,63.51882778952098
287.09539401130166,52.467592689006,57.47604726340623,2.9994206977702262,496.14646334450555,0.7374314414271221,0.9057567906364479,368.1024348569715
382.41704944164184,93.73570773877996,31.779583436737195,5.96081955238306,430.1899977984426,0.25283740069028926,0.9750871697076813,275.4413042852923
438.998990197066,67.60181293687666,14.51359764677335,4.338439228552442,57.709777957698336,0.06728461292151455,0.23228965409645264,404.5837055574108
174.3304656143742,57.58882851457693,30.036214269282453,1.6440552907887873,356.12227843689806,0.26799726688437797,0.8812975456140917,201.32423396376274
411.52236581264634,59.44762785700353,40.777219964106465,1.1658307455569672,179.3339970766984,0.9122082367815256,0.32825508927733704,442.0471648268325
59.76270979282758,65.94467684059866,4.574353078413869,5.466956820721301,13.421308321370578,0.6331786748957723,0.11284054451688441,63.90619152648239
423.9938844085865,98.50165438370568,16.48222890287352,9.024130332861034,207.7056748232298,0.7210546608978718,0.8700249255201656,290.7329300210454
68.10688785433129,109.20846889402344,48.41792945303962,3.4395768655768553,125.02966664523593,0.25715235110909584,0.6361056346436186,71.12607442570743
201.6572088273818,115.53346865039283,27.579892224159675,7.330001072226232,411.24594255503104,0.7193881555748203,0.16473089608106173,127.5283346217342
399.66120606087907,98.6903386255295,32.794628521937696,6.586613549397669,175.2919983344251,0.028121506277923758,0.42983125751300255,259.62360243919636
79.20912653764302,51.54068957480128,25.968960132568156,9.31554914309481,415.4866100373704,0.3753213457730138,0.28725769487706765,120.49439625693773
118.47944064015753,88.81347060865421,2.633996558580307,8.209810172991409,10.292990029049701,0.6267533485423312,0.736794568710197,104.23367335956175
362.5150213545678,63.760312405539196,9.944986789209356,5.66605258905463,160.8313835127984,0.14609656554132022,0.45341623062426806,355.8587368121238
361.4180855903068,45.467062204605114,26.732498324513454,6.570304982341073,128.17095501080337,0.8230035744469347,0.989279945106385,504.5287111043055
322.3680782782222,104.08715794259226,12.551127924475669,8.983864665840349,124.44800692361937,0.23503129881191864,0.05474498225959512,201.5496813022508
348.5044800112145,23.8426348962325,2.998741719580724,3.995187845869348,43.41144368507672,0.6522811128184463,0.3550152661362467,888.5975637356631
273.64859945706013,110.17619921354235,50.61897984310942,3.2679470585777737,101.69089250114584,0.4051971425753297,0.4819001671099774,171.0706892436304
129.64053415894162,66.1477464624734,58.87155174984695,0.10811083635196339,282.21928924395377,0.5960435954776472,0.5031335547483198,147.545444633469
176.11951678444012,83.72014768082803,47.588572439804366,8.265510741914643,152.7669256904948,0.10745055262890812,0.3159358223856368,146.4716468260791
94.8908698167057,85.93539222057827,51.22709530228002,8.009807004033648,214.5234433412825,0.016912799921607324,0.729240249097568,92.06383310072006
454.683027860146,109.51177407065364,14.518627819022722,1.0445451810015138,194.66477137012237,0.9095644273803012,0.8747470734889747,269.1784888016024
293.7789384092296,83.66696821672073,57.63761853079198,5.768573811327002,439.1934132499483,0.2696300087671828,0.938719301977863,249.07866099055755
203.42145129800176,81.39335847600617,11.815542267205704,4.639816981668874,453.5965095151526,0.8196770027804591,0.8050933767995262,181.80342810198977
233.6928728038457,26.665204056068994,57.08578862170994,1.1870909550911146,251.54891611137143,0.9993503004722002,0.8505801973065994,557.3164310801357
473.9052531078486,71.8408021945204,59.68915763795706,9.805682270607235,171.77641565464617,0.21143125799891116,0.5505453006199955,432.1749808588086
80.9089445424597,35.016900081704165,42.70336834476292,2.1469588746335546,62.33234496115818,0.2651707411833556,0.8258882264268146,160.7023971682957
295.18376684831463,93.74337687214856,58.86862390750932,0.6723418009056115,477.16741089722655,0.6628597876346657,0.3035039091479522,224.19052979470894
255.41489604781066,71.22219208126745,34.17238677402622,5.948473795019096,39.51120300114575,0.9654486346006212,0.3984787621092144,246.5204439009281
307.6698465401507,88.02277792083532,15.57250699056542,7.3886667713303265,155.84863600845742,0.9158143481907439,0.3169130138185443,235.1369199475556
13.964540991316051,24.16729006023843,26.219753139937254,0.32443446047186963,156.05243857330203,0.5028755200655849,0.46738733544792543,53.98935128541354
436.701334927355,28.47920160458032,35.61365612272716,6.587176387270222,166.9966302087053,0.7951102825267247,0.28557961623863637,954.8634308015726
466.3985498293881,91.63233880626822,4.3848937216209,5.322918759514544,90.50055320348055,0.13574585309990106,0.9616114422544468,314.82470593255897
284.7409258766584,27.208433599867337,37.340595877034765,1.0326500887504841,393.7491011526116,0.9774381842040123,0.31284462800566815,660.4580189716204
349.84215781906164,27.12567277652586,58.870670205737675,1.7252387694636206,70.02395236333471,0.9643532340359865,0.09804453811093983,813.3014265065643
461.6371936827614,21.210847523488745,11.406458987023658,5.679742973160805,321.1042629850498,0.16372895787917097,0.5268171660504134,1323.4198023450856
355.0831239851323,115.65013982994802,47.555706977303,2.9635761351328838,70.68455308585055,0.2994231248031066,0.057099078445176366,216.6536292304918
80.50682624255937,93.75083594590069,54.47392762677716,9.38315728651316,44.56246242054871,0.10015499750676693,0.11054316630858052,72.52068911244942
290.2627382825725,55.32514085020642,56.62209556921325,8.187402294840508,455.62045680607946,0.2717175988981797,0.2193893891962463,346.92584680544
305.32394795951365,49.653558128765525,57.60813626432683,9.835672065136631,103.16309549616578,0.8159557894152066,0.4643502498821417,407.49776123037844
214.9446822946811,54.97032297458495,31.287578323288315,2.5967083895041396,412.4125757342551,0.37831560716525947,0.4332509323090279,261.4706017781177
369.5398966342378,97.46535311811819,58.63847447949022,9.69723632797977,276.86912684249654,0.08839696714675838,0.7996918620027912,259.2145949891052
467.51167231066233,86.13706110704143,45.438612428066335,4.312338697915578,48.149694608297104,0.34222552477890456,0.7394746538841134,352.0284352573537
463.1564138888543,38.51955678674679,9.700286174217714,3.4751879531375462,478.16961380465307,0.9813833342412801,0.4263182939907013,751.5977106452065
228.1654888450454,37.41093353340844,28.6140063880782,0.5034952696935324,131.01097182602734,0.6296835952592029,0.3337042075756299,385.0943497653592
61.05283269117385,29.839564971339733,43.09987052232024,0.5276525785960262,431.22621922277716,0.41616094640615775,0.3164687840614986,138.29943785092968
492.4963934863556,86.03027197013381,14.840418949145,6.920112559466547,92.71690283443645,0.16653851349727,0.773995087294009,359.0472058409117
420.25455279073736,96.43726622217359,38.436911012933244,4.579289944340279,428.4320122495079,0.9861767972836948,0.05207240622126974,293.69740464704154
66.70802719561709,46.5046428325004,39.99602874279715,2.265216260361057,16.48211832359405,0.8208490092631288,0.012821649510605826,118.59884258399768
460.8167318955993,22.09449610309128,9.761984628513954,6.139703063252327,260.7724237190455,0.2814773024509194,0.795544391926648,1270.1295016980969
435.5986992207535,28.217166747642736,33.905118747165375,2.528581182501112,387.02686391656283,0.07006869572118946,0.4771463759890493,950.0911990950083
261.8248382774057,116.78600348450304,46.29761465871646,5.776317543444226,468.0498035714638,0.05662555737755803,0.13088113855357597,146.6599434489681
297.68134069373997,49.54447774774202,29.933739872156515,3.5920874698269034,455.5090467411787,0.12037814950553383,0.23556593459450126,373.2231219244179
202.50633841571448,96.92231478381336,0.7261870065664455,8.23552226611819,411.616186078346,0.5807685836144216,0.9325039530973825,146.29136233739084
32.107011216905505,82.46635688542638,0.5423081447575306,8.206961607667793,445.213761334039,0.9287634212054924,0.859502975624898,49.57993692790987
170.92263461472095,58.19396396528959,21.42176063820073,4.773503981224013,107.61764606016749,0.4967434280059845,0.7097850502239725,200.00993257228092
402.4124570560157,40.568726219555515,55.57164410590692,3.508191093350156,149.2503048987471,0.8429454824561972,0.48222523033732656,634.5032338184761
7.292851387278415,32.138641815940645,13.720606776216526,3.6255979655909454,151.59457721131866,0.4458866198598078,0.5203236261913857,29.211590507192803
170.08208998711638,81.50129680388666,38.06182133230123,8.05714525668218,194.75642619083243,0.7085835457678252,0.9752445352839586,161.73527724825246
202.09350332751694,97.4633780637788,13.324552241599235,3.28179482797612,202.72712848874247,0.7318727372865008,0.9657704438842871,150.46040727791578
271.0108234542718,84.39042535411306,19.300199379572916,2.09059373706846,276.832109080791,0.17396370590333865,0.21526904578583428,199.65163477710811
460.32853012431644,73.03021332491583,50.882525376089035,0.8468834187530683,88.34108404955627,0.36121605897581177,0.8111045663053181,406.8448408935481
176.44126721115083,24.195122343163625,43.73168653619681,4.666931208844084,348.71086525513476,0.6373021565380239,0.1972426661670168,463.81251025234684
176.7418349386327,116.84887775943838,5.723956638792638,4.821320989198419,92.10760425920817,0.07069660818436618,0.2135374778839514,97.25232884699918
370.06311781432544,99.87141916545745,25.722121259186018,8.409087104029071,162.0511562312283,0.3615401877629566,0.6760930341645768,246.58774677501776
228.84788074045454,49.28220367009648,1.750185818715868,2.2123869644606398,256.63911399701544,0.5347994662811925,0.4050010985875484,292.6988858178648
116.17938735529107,117.99703293588506,28.85340879618054,3.809912736683999,400.25587514650385,0.9962244930446387,0.9315444071065202,91.73406477208859
228.95756048568325,80.18815896363222,39.746040702064086,8.084057388936909,372.3399242869764,0.47453356262244073,0.08900973489600883,201.65275450436314
74.72422508800094,78.24226582072464,7.110157415889093,8.236236107489734,326.3118346411559,0.8160567571143236,0.511525640809493,75.06206402794315
92.31155832058053,94.8073179429532,17.33309633454994,3.846110759787682,86.32889768428338,0.43206728506661773,0.9185215304431212,77.60488554565298
251.69204750604248,101.17697880901376,23.870197530129417,4.591240232866809,278.0522193516331,0.7963907226197089,0.9041136604795051,193.6019826730419
212.3680975047512,85.64786073315027,55.17186147936299,3.0328589084928295,52.84878588194387,0.5954148016201084,0.15652921341574122,172.1475063481043
457.8487210287095,32.80957463662,59.59530092537784,9.32554878419312,194.90795663035888,0.8865954415023983,0.36663770009645646,870.0216369377345
184.38498006273338,53.82675059944984,2.6946779397369514,1.186437657415803,212.62309984208,0.4109425523501099,0.6191214000466962,222.96096993036662
292.39123338763153,112.80836403260497,45.660475409723524,9.3374942300147,29.507605328419373,0.6043044198214789,0.15939488477140218,174.15552604584315
317.97082252016753,42.46156118438519,22.303443984140593,6.838664518353433,144.2541687402862,0.6300186806188274,0.9680221720457387,477.37085443208184
11.48175601122515,57.21670238375133,23.5474911737688,5.315721526867312,478.26823896057977,0.4173829418004733,0.9147493287276603,47.899754407423686
333.45099914827176,63.2076882944196,45.25589840082136,0.32659060784495875,477.27997783654786,0.14431204368748152,0.16695017903446918,326.37846610103304
93.12780360052696,63.940498969445215,55.105585928724516,4.755961918220083,182.64025658374425,0.09355940691233555,0.12115546126098542,99.0033413611068
480.7298071473803,81.29395824945254,57.05571567015291,4.077481050027323,31.119053384678786,0.0166715505996331,0.0854084828082653,367.5722201369211
78.58805023779091,114.30758377447076,34.627355162299246,1.6121881197512256,97.75652027080896,0.8735342642452146,0.9094436640366311,79.1343817512438
210.23894124487674,44.06927118325049,21.42726955803017,6.564096035006569,202.18671878243467,0.23647491223869455,0.1936238097954608,307.0563009136154
47.24808569892871,32.150137630091805,47.25294515152675,9.711509073682858,474.4120520049226,0.21150674928176805,0.4162849285443547,111.98059893629845
498.4527546637439,39.74704898599373,15.060082995738016,5.621888110645251,79.1875411332206,0.7360354004260655,0.448851365652003,778.7114525693579
253.58653011396507,108.69249002092695,33.84444173001106,7.147532764439458,384.122763397424,0.32001611308739175,0.5990110442135675,171.45256468297364
299.71558357342167,84.5810812655206,21.51470769149239,0.6845045256601678,63.25444429359912,0.5060446924118366,0.07173534374742496,236.65320959599643
38.2028563072716,48.590678923916016,39.397864422472566,4.176669958169947,490.81621292172565,0.1625110652974563,0.22675861740051595,64.55433758812501
376.230432847593,101.59469389686173,14.423934773610414,1.1635848516449587,196.99208456347614,0.9597457214619692,0.931490386918926,239.30763467007137
108.90326858231495,106.1369996363436,11.495576744089547,6.127958355365104,389.8649240605375,0.8515814000172374,0.9084101072685695,85.82987115136085
449.53687327315333,104.6514338690278,55.09434520052623,9.384821582141546,177.8696305774546,0.8637896229650033,0.7812906474056922,297.5902505961047
106.54412203859354,111.89265336395545,6.1082209769722144,6.617777324716386,317.55774980781626,0.4067737485720052,0.019401245618215435,67.27424614596994
99.39042172851495,45.22410201733616,30.3574744640959,0.7680304831442153,104.08788152261799,0.7623612137071728,0.3270067684961021,155.12132076558527
23.092085584806966,95.50419287462783,13.251166977780535,3.5466620498508283,81.55029945551165,0.14387615538978016,0.6279587353429078,34.28836344711078
238.67313782944962,66.053949727414,2.335797799540047,5.506633794408515,469.6514283883843,0.008619002591780278,0.2751902117734757,229.50575002860535
284.59636096499514,104.19985528900615,2.1611290974855835,4.032077561332522,459.64716617317237,0.019972932578028124,0.9095866950537773,175.0767616617995
37.52577651703442,92.84906771616131,10.51330632634964,8.336440104751723,444.85978070431236,0.5866017374045605,0.6338894618324419,52.20209064989362
388.8861702640302,97.64474464997247,52.006221270360015,8.146710047099893,316.4623905816308,0.4553949052479408,0.0719067173164456,267.97333499909234
229.37797320027366,85.61618376810715,16.9487246386216,6.118310201032214,406.05142349597634,0.5180153489085197,0.909005588835703,186.07515009722763
264.57318331715214,37.74287694697068,57.02755023451774,3.7345794513270523,43.82809908657371,0.007463140417219405,0.9577666581762225,453.7909198785937
223.17755973442294,74.50269188969384,34.897337579351614,2.5533637376324414,174.04663052643278,0.4226866196574257,0.07771241839172549,198.95838915039562
203.37771513328636,118.46697395245081,26.196851386125964,1.0587431821312931,163.71453113100654,0.7180681612008608,0.5323602348613149,137.77687346737747
282.02196399756787,113.73880664971189,34.80533008016727,3.5489768348655404,321.4662077567805,0.44269370196743585,0.30336428221417044,163.47155788009545
81.8439217357027,24.31737357970117,31.001903113576066,4.1317251720771955,184.41930900061385,0.7322192063122223,0.39283907648140237,225.64163624864835
95.0544245951592,36.481481572943714,45.52657522543951,6.758229251040736,82.7683230054036,0.23301896439683478,0.1796512179553419,178.0294542859658
431.5838824016911,33.17287734545619,16.949763958371136,6.581598242975735,302.2688669526364,0.8131420044817255,0.5780721020124125,809.159430835608
473.3271537561482,92.59799099852955,21.183023496018144,0.7010813964125695,409.0481211278499,0.5884312404534523,0.9579793532488906,338.14962660185523
189.7881115584777,101.77853298569451,53.64565815199504,3.952593154311578,197.24051228538687,0.21076309942990623,0.503072600271609,138.0231647149006
139.01861320605911,41.35113663106719,56.78739078902433,1.8177886721736192,74.81167039825604,0.23672047585383293,0.08291458139448116,216.92824560204895
323.7797739033128,70.5852692951829,53.55349364918847,1.568127053168057,106.3772166832833,0.628030464569537,0.6200013334774084,311.90752369001126
207.3234146935577,104.07030280112,25.166879637438814,8.27302149737246,126.36681953299815,0.8299395932124434,0.34022299445125703,150.84155450358463
17.566246051870706,93.28015447662506,46.8219301804129,0.4191521671625753,156.94982056732275,0.4156277820291552,0.8559251895912978,30.639555099202283
82.29553569626422,74.22372054918483,28.580143998065928,4.191828759021213,324.96958454809146,0.2583004291275922,0.4346781483164702,85.39721313953167
359.4062532794618,79.03476904587728,29.852391128766133,1.682036557665182,304.4632874234823,0.8670116069106004,0.1928396089422456,289.62628751354555
331.1673512455249,70.836054691628,12.280806543437038,8.79330215678474,351.0791321678492,0.6692682917508349,0.19110562269114495,297.2151682294005
18.412516289224328,49.75484513188206,35.467818195510986,5.570405132750351,187.62597242044146,0.4480854872830765,0.7687641807211604,45.52431487533281
114.87622015680998,76.50219928590161,11.168153865200876,2.3138063637684803,413.7588494211894,0.48790019527930184,0.2655875983073599,108.62445777959758
119.38202431109534,88.88853020500906,19.893881944031627,5.024272871663764,110.00295396632254,0.2042564679363964,0.767233394159223,100.38382442931261
337.58690808137055,107.33229158608077,51.301812097196105,7.314863597031158,239.82996628389543,0.6268026300648439,0.20588731076659939,212.7959430281118
14.756716188410257,83.62913539792481,12.424548552651313,9.581180089194337,402.45997355530085,0.35874251054288864,0.3216863687013094,32.10354064379199
56.533748082364056,96.1121537043158,4.269497110405968,2.2044600424541896,98.27773738898343,0.9956451766743493,0.4654869724396994,50.09595903267447
400.9584622597287,36.0071634954573,4.140455556768979,8.861817721293452,63.83292573298365,0.48018351526188785,0.9431958496934507,692.0894807361667
93.37960771689514,66.15574744197899,56.447071230186474,9.343041141674902,443.00514416711496,0.4858856061896132,0.9317314247538246,118.83188546953558
328.109323386678,20.93316198270933,30.415226277710076,9.164205445320663,178.035534752006,0.5658517874106719,0.2068718754222878,962.8832146580671
122.90047661812963,44.66788645216231,24.5647243090211,6.354143568619098,345.0963612054257,0.9167560031187467,0.3582190412430728,195.48705748458337
54.223489415875854,92.64617151130048,48.65271486047511,6.298206544347077,22.420816089329854,0.8008180998597503,0.14939938845377232,68.97493100474928
125.37023454472977,119.18099513493634,50.14955567463096,4.032106331838228,348.1229753206303,0.4511300697978414,0.5099850793134971,98.72845282766619
362.5221312685513,29.91780995872159,19.931461986936277,7.523978823037879,164.88964265801556,0.718699265972796,0.4605825506946666,751.7525741121716
428.56975171261143,60.14943158612883,41.617083448427714,5.312940183509319,37.31301825784645,0.5862354987807616,0.9007601624507324,461.9800226587219
415.95883296066086,100.00709686991596,46.2673689511132,6.7743807122829445,308.8082531585774,0.4923670487012489,0.9300053777910726,281.3218629368231
201.60584716113513,40.403563462889885,39.27904121195727,4.284579038487955,127.9938698758549,0.19231577278435052,0.3835673910072921,320.9445788984467
335.70214260246985,75.50849493022862,9.095704488005962,7.31496464043139,199.53554860542118,0.4639362634548909,0.49173794301898943,287.21319307392474
106.46722623083139,93.30712960296748,52.552985011023424,8.24471517604549,49.48459802039166,0.24581858702257464,0.8962362491461331,100.50878313423271
150.10812647920156,81.5985450260179,32.34567316416052,1.4643625660281612,82.1099930365232,0.9148421498516547,0.8067078077450615,133.58243160717822
448.6862301679543,38.80247346154161,16.948345582200222,8.32929715574228,156.00884539296345,0.33540681349634693,0.0036563113446492768,709.7746287853861
11.435952137814336,55.538456868573945,25.513691126261634,5.402965317903073,53.982155274476995,0.9522640145333723,0.3200595641835825,42.017584015641454
47.3267227729617,98.37917844853972,2.254265423934443,8.446659090902243,456.3048696962945,0.5330552900947112,0.4217742419361259,42.57617897668159
107.90369629728352,75.42265141320166,7.6720080733450535,4.313017063410146,12.963051160149424,0.6315443786761603,0.22971628368323171,95.64572707722729
18.13344091754076,20.522961354291272,45.93280503095165,3.79040485383035,247.09150724351258,0.5429404444893278,0.19957161589593875,86.2083688259956
94.81054036944967,96.09907600280938,0.0006980853219684668,9.150607325172224,70.39125448495021,0.1293806169667009,0.03778450659567967,68.54679047443908
293.60557267999764,23.531135494023907,24.99394970893753,2.5116926754840128,160.76275384419478,0.37582121900794097,0.6433697250697605,768.3190077716037
213.6051525432865,94.57337827312321,31.350610865135305,8.442123252861432,463.7691843109501,0.09914611227762393,0.26251029048316565,147.5704665137017
446.87249698310256,40.24805601652374,3.2780652000583377,4.840205725094041,89.23033110425355,0.6229540441833817,0.05234717843131309,675.3397427042097
409.63456306052825,115.80734801193802,58.38468977833997,5.140954425512597,483.257836661983,0.4468741952004389,0.23097931052806364,247.84416269259594
174.1995890904486,56.79407513020845,13.567519874980317,3.0846828148948404,110.83924472481664,0.7779849715709368,0.8019139528361265,210.02266829035207
133.41459954848978,52.69316163380791,18.251923178176853,5.730422006190157,373.3673931487465,0.22047048099936983,0.8514891816465466,169.32469392193332
192.94774204279713,34.888805033244466,18.23655073530164,3.252111962762113,277.87185979968274,0.16456605842933492,0.48306624519330266,348.76637587517644
297.1959965448298,50.560421549021484,13.824999727040995,0.3926941424165231,443.39457652241197,0.4063322309637678,0.41607067040868617,363.2097281799102
137.69150220732374,107.66507618282006,0.08842932517868496,2.7199860534435603,281.45669519653416,0.9265853832183811,0.9778536935017818,109.30129467833464
313.95370938532136,119.63343376272474,43.76068764527978,0.06379043406590679,271.9340173865912,0.7104218150124118,0.2005646595880699,190.04392211085246
207.65876783466402,56.83095305068483,58.01072998795712,9.783547870568567,105.77442018051595,0.41892362479291867,0.21535928285460848,247.63794958943222
278.2633545217302,64.86106309545426,13.457608997102703,9.657472098197475,91.45238740531278,0.5172721697543106,0.29186717703639975,273.80911164313324
220.88263192198175,92.2070938202737,39.78283150820535,3.9515529747230502,459.079684046602,0.08421301117709834,0.1727573182810873,147.5410788179184
150.76055097324925,108.61957804650746,44.51377961752291,7.28370854339646,170.6407174365167,0.9845758963761131,0.3793655982041866,111.4284877112668
474.48438694626753,79.30443341867841,50.90552274543148,3.45806098410425,192.320304931819,0.6664073046949189,0.9108342269897538,388.3923008504655
382.9848681090816,59.15256981778293,25.357751820816546,6.710931570859761,382.3135926299103,0.2854040684634225,0.6153478406285743,410.54485956837647
74.356022004394,61.262184084862376,18.175854338425754,8.05430043045979,176.02350638717562,0.5858083942152443,0.41194654861226365,93.57939511907473
434.89164806946684,89.56181464968068,19.517708041381866,9.467562446922408,476.51059885311133,0.10948236606899397,0.9344107945712148,306.1950101133002
246.27844313350926,20.321826360427867,42.75727998591077,4.00212275849672,371.58460680941215,0.9658366688075836,0.04846423247582232,755.5293900508836
447.80335231257527,81.95893374598407,49.00676799033816,7.832979829560477,302.7403288609758,0.17478498788336594,0.21027617790186137,353.69490960267433
400.92835169392106,55.54930104413574,10.89683806539616,2.659284506321188,441.6386286669287,0.6480303180552142,0.565888605101759,455.6686045193092
215.48068471227054,99.41973312770843,22.256460489465912,9.903323037936483,34.306895091246545,0.24545446253893044,0.6155526231931792,142.01059875009304
16.122307618458112,29.299063982313214,54.116411804949,0.2576959876435114,135.9607191727123,0.7175613826485358,0.03955750656261314,59.897469074260094
137.99529289554832,78.82022669483905,48.40161118168435,6.035288065011209,237.86780376824586,0.7768213672402811,0.4030387579071322,131.34972611455248
273.10893625712913,68.09728898861238,59.091504165748546,6.595059816513271,121.2194843410453,0.6734197289114326,0.6491539648308727,282.76065313997987
318.5717188139429,84.23255259052274,45.254895580924845,6.880455570741288,374.51354177805445,0.6144994602551925,0.6980705464034016,264.05862112890924
132.65440428943515,26.485359448296833,23.591712061675338,1.2038757878908901,460.41193521632533,0.8924690939520117,0.6381399025162693,323.47337239494624
73.98125666604794,77.99837874281313,35.438270039678265,9.385297834731304,217.64735876615245,0.07862671098975804,0.32056322436092455,72.78877869050484
418.29046721565305,76.14845879595237,39.66085525483922,1.811832790500828,177.64497405482854,0.3309147657801952,0.09352012359790951,345.9822626276996
492.2790794482583,76.0660094416171,4.7073489790274365,6.2275340323984105,481.15985874740744,0.24828747963084596,0.4271124464193341,389.56156019537866
265.2166402398295,80.34876665964548,32.669817546231904,2.2267607912308494,227.97769208549502,0.9880139620654216,0.12875443736805547,226.7509891091776
89.98124649491024,87.64679372263622,42.559249708356575,3.0721641702127087,249.63371622014878,0.3893897796668735,0.9476236585206671,89.85480414333092
139.79212662708764,100.49889996807697,10.039278240063624,5.464585417281244,182.30843744753363,0.7326126992403987,0.47517086602262826,109.79475029535644
14.103384890996033,46.98207201282143,46.83790304553343,4.171934185645765,455.6787517759478,0.6847251638810046,0.31725917435686757,42.099952562476034
457.577909247447,102.5049410180062,35.0263668308467,1.6022560097650629,288.78818680810684,0.21208123747737773,0.7663040711189001,286.8952549235942
63.286786030619865,69.82556822634535,57.13330714185568,1.7093640242084829,383.4655477190059,0.23899768021155132,0.49794859258226387,73.40782747084982
290.3756553795555,27.70582791343312,2.5453378924135017,4.181447881627997,407.78529199193434,0.2812845635530341,0.31003402401245006,633.9927157087922
140.65733424016696,25.85509292439792,15.919568253328018,7.572829782755007,177.5060305394565,0.4111272782593792,0.8119677423908017,343.3520241651755
279.31811124531777,53.42383186960608,36.09323275798944,8.979646468477885,222.5102223469862,0.2343250656505268,0.867152151001122,346.18463205111624
327.4530922341728,98.48969771114676,17.793594732355842,0.8412766225938284,425.7511694590697,0.019651482746847804,0.673008166288677,208.7769383742239
415.7221928350648,90.76809347409157,42.86544984427453,3.9310390755940103,187.99512232114702,0.8793930568071955,0.046964422407667294,303.90943174248866
107.17852952149859,98.86149646724064,45.54031695131586,1.0024556372287663,399.0282153914071,0.9656098313808841,0.5663228801665321,97.45457009513088
10.442935185947835,71.72690564416094,6.150957843988467,0.16592480632597884,471.0862380614742,0.34157038703156795,0.7632949119972816,17.07300819489481
72.7583868840596,64.01989979554907,30.831267852406064,6.617186826439566,315.3730828033234,0.33850687942547286,0.13650301208358218,86.34889012561928
450.509227714812,34.745252670628396,30.533433335463354,6.024494419665878,373.39737085142553,0.007091812774370987,0.22867075138460335,795.5248185450642
437.57558839344506,52.81927536093116,22.156846212932464,1.630191138148862,404.49768290015606,0.680250688330374,0.8824951050681364,517.5155908291772
300.7194855743026,63.40193661738753,55.975491754180325,2.3381283309306413,424.0694279593548,0.8254398957486287,0.020121721853074037,319.1739714952084
302.25584591465844,28.860042967961725,49.650379192393274,0.2370775364451838,203.57613554983,0.14660830036000316,0.752727137825976,648.8810402768959
334.19315390039645,42.06119527112112,41.832562914578205,8.349472056944037,35.119094996239106,0.15966634936715074,0.4737732925144229,498.1665031520435
91.80878291860755,79.82252940637389,42.859598144099856,9.746905960485515,206.91937290600237,0.7900832499714378,0.44677215883960686,105.7133954198316
457.6339132328551,93.56631142391899,27.702968628787147,1.354595367946908,340.140552594204,0.6162907483541447,0.0070965324948871755,308.4470291962494
212.2914098215762,119.83475113929497,55.25967126579455,2.314752137652981,230.67168903258846,0.04486055762771701,0.8193982309664928,133.08211936859496
194.65357148350125,113.31133313435576,41.675725635197125,8.68409523946934,376.9919439215953,0.6225469904622817,0.35982490063656647,131.2796640705177
261.8642641150046,84.25651995351916,43.73886369934899,9.264637979561849,184.9213904396453,0.30891772284376606,0.5407656313005429,214.91867980428253
28.248153553652248,62.1248053294072,51.70145422724072,4.196273828068104,321.02462914097447,0.36872515547084594,0.6773006863356594,45.29076626406209
87.31026753425931,83.61773647082327,16.44429536053146,0.5062247226907413,101.34570437844755,0.7697314182968802,0.7026295764379158,77.25983871234102
370.32664013105335,98.56516180802319,48.42425423200218,0.393918336928194,377.1910239560289,0.8109351926726106,0.9559800588260723,264.9584466196759
45.9853406229376,31.833619092338733,11.714436177389523,5.739498660690105,277.39102471838265,0.40035662683983064,0.5313399532366091,109.56189854696675
303.5602941858622,60.99048896962883,20.72051713469327,3.9289510889317905,109.99155038783428,0.9471529360063548,0.3997195509744276,320.4631446597933
126.44780929225388,103.98022856356172,20.13662725619056,0.28652427577654516,153.03647501392555,0.40646271795207223,0.9537036264917079,93.56261607955038
197.7013289507784,58.3832951933044,58.711528103348435,5.832523923125567,376.81826720509787,0.7718360352301099,0.6421102350255211,243.17787993856368
147.90339970149643,77.18722712271865,51.39223342487561,0.11302536589022472,246.47460547414514,0.48387726456425906,0.2981503562765556,144.14978399972955
181.05799465014982,78.77693608621982,42.07019169541559,7.87371958149273,115.85540579260538,0.897532326522084,0.12646424540357115,159.04893790918064
360.9277230662015,38.447625313363936,43.623405696923406,3.064328227033716,483.96288328144584,0.9077612436501786,0.8425545014651813,595.4819477003631
152.07524923347162,56.22354416522884,33.724367664154265,0.402580030092321,360.4112597102751,0.08741680787108386,0.36218160279415157,175.87869990838735
285.3702969469641,53.451128874193216,56.825440026511146,5.883522209831533,478.9960679445001,0.9364933313102257,0.6604697213644312,364.49126424679366
240.64494908855434,22.61967085320648,29.77552517294169,3.976844144330547,219.28147222656818,0.8255348415204157,0.47081641936589813,678.8292220366382
333.51722685451085,22.419176389135526,22.83106259219367,9.738004133571495,242.79916693894302,0.7913107143126669,0.19892977979503834,917.022832991264
468.7307209657552,103.16970436757735,9.78212021589546,5.441986625037022,449.9980559306594,0.20091133968552244,0.6016866086204651,280.249163745188
367.6231881190739,47.30708099728124,47.17233913566348,2.752391810370083,267.2741767202385,0.8051192087546649,0.06068306895068232,496.48268143187676
111.39548740242459,71.80787662388154,44.06663592453549,7.094388646339747,356.56666683377694,0.8501327346850368,0.4133424598711922,133.33551983740384
20.435651855335912,49.8725573588773,23.06130231144809,2.714920025427113,133.56470997280968,0.28915033445415095,0.546614939663671,43.2047726366509
134.82070192841343,114.06792451153404,1.5116048375537616,9.04243291407565,228.89596966429386,0.9522600783623237,0.43604697411857907,90.00183645302661
299.5635756966261,45.92967588657737,50.339839663080646,3.747219705073764,70.490434247074,0.04986014639916425,0.7486721752509908,421.3335187470788
30.455777674703924,62.96568127389351,0.685079007244418,5.498685627762052,110.93021757971123,0.14990925324713966,0.8279249545453125,45.82179461823907
250.701292364612,107.27302504846018,42.221986777743055,0.5057310382422886,10.462273481139233,0.5375811380515143,0.771243074033178,163.78757264904766
300.43721021386017,104.19335667918087,58.21542658356342,4.261212379522307,29.239875307843512,0.5757924711223097,0.03881294781180211,203.53488318504932
170.4507259543956,38.61014178462773,26.25967968889221,8.32363539660995,488.86907335669537,0.6451500833009034,0.1941287704459722,293.52430871299265
386.60154085418185,100.26433097957104,14.098404299757165,8.05648805363342,128.75331061701354,0.016969129315466458,0.5366075092637743,251.13722394871624
57.76613530121704,65.81868867378927,42.2922606026029,2.2431855885352627,335.02224765696093,0.9603667746221303,0.9348220404438012,89.89007920148885
42.193201959225334,68.29688720853552,49.02768852093511,2.260790710105627,421.1588524118097,0.04458809273414399,0.8349567750521169,60.13415357051818
365.4534343207837,33.34799724159438,32.78581896467084,8.173053122132368,279.8236250259165,0.14306195272340239,0.8425345083518017,688.1568400777218
250.26820152206824,28.060151375712465,58.02211651536877,9.303984201693256,85.04080504113854,0.01401451752605698,0.3032081937596749,554.3895071426348
345.75918623172936,92.79393069737652,3.100123299477666,0.9536092127300355,366.77705429472155,0.5668584332940947,0.42944789707870257,239.96291316022968
220.23953260885438,69.64611523552998,30.287735898271688,4.500586394262252,304.1231909487957,0.9322668839209722,0.4707059473159374,212.9134952633455
126.96900645335788,63.68507026151796,43.10723683935301,3.3745427896422897,368.3127887802138,0.6659471660804642,0.15737158334991042,151.13132426810657
410.45564724872884,92.95082286523967,51.75842826895074,8.706884554574394,387.17584519997274,0.8226574684804273,0.031068130244456316,296.19148356837695
400.7108600896447,96.55128989911097,10.755336714467402,0.8352491468001877,487.95108016552507,0.013281203458580082,0.9469028994605169,268.66968608908513
348.87475307294125,35.89081676693536,48.000208905820884,2.111259425580374,291.0460072130879,0.5420152984797261,0.24071258566350673,611.676882858011
139.71184292883154,81.02251494776414,33.162424543112714,7.524683375864943,177.4041452183949,0.4595629775055219,0.2399489037236313,120.34939722457719
297.1641801001981,33.535408227768556,23.793220919397793,0.5129384898121558,327.74763288111615,0.49896794422079305,0.08337905376875954,554.5082787703328
183.68207898531327,95.13750860290457,7.902901714745614,4.925353807142892,43.5359475288868,0.07221318533518795,0.9285077519437785,138.80010651947856
50.33312629668391,85.69551562671396,51.917745534534745,4.4210703467972,449.7246859775773,0.6844353610693075,0.579737114939772,73.50209847685694
459.07021985381016,115.6614621083458,9.436392490782922,3.3440117898874866,68.49669555571643,0.5032204148586344,0.6670368571253539,253.05878272565468
72.72522230488589,26.89580163564212,18.587271552545953,3.945723153189238,170.64299056405093,0.765148849861264,0.9115768872630525,188.84968757973084
475.3674901412972,25.70547211512543,17.402731917746213,5.29940586930233,409.7152365067992,0.48529063406171535,0.3456201689007895,1128.9043368236153
225.7728576141881,48.218707469320016,52.28484205145126,1.6136735838838312,302.68306538204877,0.14938163622643208,0.6215073111380841,302.36554865462983
